Rank,Title,Type,IMDb Rating,Release Years,Blurb,Thumbnail URL,IMDb URL,IMDb Title ID
1,The Shawshank Redemption,Movie,9.3,1994,"After a banker is sentenced to life in Shawshank Prison, he forms an unlikely friendship with a seasoned inmate and clings to hope amid cruelty and corruption.","https://m.media-amazon.com/images/M/MV5BMDAyY2FhYjctNDc5OS00MDNlLThiMGUtY2UxYWVkNGY2ZjljXkEyXkFqcGc@._V1_QL75_UX90_CR0,1,90,133_.jpg",https://www.imdb.com/title/tt0111161/,tt0111161
2,The Godfather,Movie,9.2,1972,The aging patriarch of an organized crime dynasty transfers control of his clandestine empire to his reluctant son.,"https://m.media-amazon.com/images/M/MV5BNGEwYjgwOGQtYjg5ZS00Njc1LTk2ZGEtM2QwZWQ2NjdhZTE5XkEyXkFqcGc@._V1_QL75_UY133_CR2,0,90,133_.jpg",https://www.imdb.com/title/tt0068646/,tt0068646
3,The Dark Knight,Movie,9.1,2008,"When a menace known as the Joker wreaks havoc and chaos on the people of Gotham, Batman, James Gordon and Harvey Dent must work together to put an end to the madness.","https://m.media-amazon.com/images/M/MV5BMTMxNTMwODM0NF5BMl5BanBnXkFtZTcwODAyMTk2Mw@@._V1_QL75_UX90_CR0,0,90,133_.jpg",https://www.imdb.com/title/tt0468569/,tt0468569
4,The Godfather Part II,Movie,9,1974,"The early life and career of Vito Corleone in 1920s New York City is portrayed, while his son, Michael, expands and tightens his grip on the family crime syndicate.","https://m.media-amazon.com/images/M/MV5BMDIxMzBlZDktZjMxNy00ZGI4LTgxNDEtYWRlNzRjMjJmOGQ1XkEyXkFqcGc@._V1_QL75_UX90_CR0,1,90,133_.jpg",https://www.imdb.com/title/tt0071562/,tt0071562
5,12 Angry Men,Movie,9,1957,The jury in a New York City murder trial is frustrated by a single member whose skeptical caution forces them to more carefully consider the evidence before jumping to a hasty verdict.,"https://m.media-amazon.com/images/M/MV5BYjE4NzdmOTYtYjc5Yi00YzBiLWEzNDEtNTgxZGQ2MWVkN2NiXkEyXkFqcGc@._V1_QL75_UX90_CR0,3,90,133_.jpg",https://www.imdb.com/title/tt0050083/,tt0050083
6,The Lord of the Rings: The Return of the King,Movie,9,2003,Gandalf and Aragorn lead the World of Men against Sauron's army to draw his gaze from Frodo and Sam as they approach Mount Doom with the One Ring.,"https://m.media-amazon.com/images/M/MV5BMTZkMjBjNWMtZGI5OC00MGU0LTk4ZTItODg2NWM3NTVmNWQ4XkEyXkFqcGc@._V1_QL75_UX90_CR0,0,90,133_.jpg",https://www.imdb.com/title/tt0167260/,tt0167260
7,Schindler's List,Movie,9,1993,"In German-occupied Poland during World War II, industrialist Oskar Schindler gradually becomes concerned for his Jewish workforce after witnessing their persecution by the Nazis.","https://m.media-amazon.com/images/M/MV5BNjM1ZDQxYWUtMzQyZS00MTE1LWJmZGYtNGUyNTdlYjM3ZmVmXkEyXkFqcGc@._V1_QL75_UX90_CR0,1,90,133_.jpg",https://www.imdb.com/title/tt0108052/,tt0108052
8,The Lord of the Rings: The Fellowship of the Ring,Movie,8.9,2001,A meek Hobbit from the Shire and eight companions set out on a journey to destroy the powerful One Ring and save Middle-earth from the Dark Lord Sauron.,"https://m.media-amazon.com/images/M/MV5BNzIxMDQ2YTctNDY4MC00ZTRhLTk4ODQtMTVlOWY4NTdiYmMwXkEyXkFqcGc@._V1_QL75_UX90_CR0,0,90,133_.jpg",https://www.imdb.com/title/tt0120737/,tt0120737
9,Pulp Fiction,Movie,8.8,1994,"The lives of two mob hitmen, a boxer, a gangster and his wife, and a pair of diner bandits intertwine in four tales of violence and redemption.","https://m.media-amazon.com/images/M/MV5BYTViYTE3ZGQtNDBlMC00ZTAyLTkyODMtZGRiZDg0MjA2YThkXkEyXkFqcGc@._V1_QL75_UY133_CR1,0,90,133_.jpg",https://www.imdb.com/title/tt0110912/,tt0110912
10,"The Good, the Bad and the Ugly",Movie,8.8,1966,A bounty-hunting scam joins two men in an uneasy alliance against a third in a race to find a fortune in gold buried in a remote cemetery.,"https://m.media-amazon.com/images/M/MV5BMWM5ZjQxM2YtNDlmYi00ZDNhLWI4MWUtN2VkYjBlMTY1ZTkwXkEyXkFqcGc@._V1_QL75_UX90_CR0,1,90,133_.jpg",https://www.imdb.com/title/tt0060196/,tt0060196
11,The Lord of the Rings: The Two Towers,Movie,8.8,2002,"While Frodo and Sam edge closer to Mordor with the help of the shifty Gollum, the divided fellowship makes a stand against Sauron's new ally, Saruman, and his hordes of Isengard.","https://m.media-amazon.com/images/M/MV5BMGQxMDdiOWUtYjc1Ni00YzM1LWE2NjMtZTg3Y2JkMjEzMTJjXkEyXkFqcGc@._V1_QL75_UX90_CR0,3,90,133_.jpg",https://www.imdb.com/title/tt0167261/,tt0167261
12,Forrest Gump,Movie,8.8,1994,"The history of the United States from the 1950s to the '70s unfolds from the perspective of an Alabama man with an IQ of 75, who yearns to be reunited with his childhood sweetheart.","https://m.media-amazon.com/images/M/MV5BNDYwNzVjMTItZmU5YS00YjQ5LTljYjgtMjY2NDVmYWMyNWFmXkEyXkFqcGc@._V1_QL75_UY133_CR1,0,90,133_.jpg",https://www.imdb.com/title/tt0109830/,tt0109830
13,Fight Club,Movie,8.8,1999,An insomniac office worker and a devil-may-care soap maker form an underground fight club that evolves into much more.,"https://m.media-amazon.com/images/M/MV5BOTgyOGQ1NDItNGU3Ny00MjU3LTg2YWEtNmEyYjBiMjI1Y2M5XkEyXkFqcGc@._V1_QL75_UX90_CR0,1,90,133_.jpg",https://www.imdb.com/title/tt0137523/,tt0137523
14,Inception,Movie,8.8,2010,"A thief who steals corporate secrets through the use of dream-sharing technology is given the inverse task of planting an idea into the mind of a CEO, but his tragic past may doom the project and his team to disaster.","https://m.media-amazon.com/images/M/MV5BMjAxMzY3NjcxNF5BMl5BanBnXkFtZTcwNTI5OTM0Mw@@._V1_QL75_UX90_CR0,0,90,133_.jpg",https://www.imdb.com/title/tt1375666/,tt1375666
15,Star Wars: Episode V - The Empire Strikes Back,Movie,8.7,1980,"After the Empire overpowers the Rebel Alliance, Luke Skywalker begins training with Jedi Master Yoda, while Darth Vader and bounty hunter Boba Fett pursue his friends across the galaxy.","https://m.media-amazon.com/images/M/MV5BMTkxNGFlNDktZmJkNC00MDdhLTg0MTEtZjZiYWI3MGE5NWIwXkEyXkFqcGc@._V1_QL75_UX90_CR0,3,90,133_.jpg",https://www.imdb.com/title/tt0080684/,tt0080684
16,The Matrix,Movie,8.7,1999,A computer hacker discovers that his life is nothing more than an elaborate simulation run by an evil AI.,"https://m.media-amazon.com/images/M/MV5BN2NmN2VhMTQtMDNiOS00NDlhLTliMjgtODE2ZTY0ODQyNDRhXkEyXkFqcGc@._V1_QL75_UX90_CR0,1,90,133_.jpg",https://www.imdb.com/title/tt0133093/,tt0133093
17,Interstellar,Movie,8.7,2014,"In a dystopian future where Earth has become near-uninhabitable, a team of astronauts embark on a mission to find a new home for humanity.","https://m.media-amazon.com/images/M/MV5BYzdjMDAxZGItMjI2My00ODA1LTlkNzItOWFjMDU5ZDJlYWY3XkEyXkFqcGc@._V1_QL75_UX90_CR0,0,90,133_.jpg",https://www.imdb.com/title/tt0816692/,tt0816692
18,GoodFellas,Movie,8.7,1990,"The story of Henry Hill and his life in the mafia, covering his relationship with his wife Karen and his mob partners Jimmy Conway and Tommy DeVito.","https://m.media-amazon.com/images/M/MV5BN2E5NzI2ZGMtY2VjNi00YTRjLWI1MDUtZGY5OWU1MWJjZjRjXkEyXkFqcGc@._V1_QL75_UX90_CR0,1,90,133_.jpg",https://www.imdb.com/title/tt0099685/,tt0099685
19,One Flew Over the Cuckoo's Nest,Movie,8.6,1975,"A rebellious convict is sent to a psychiatric hospital for evaluation in 1963 Oregon, and encourages his docile companions to take more control of their lives and defy the tyrannical head nurse.","https://m.media-amazon.com/images/M/MV5BYjBkMjgzMzYtNzRiMS00NDc3LWE4YTUtZjYxYjZhNjNhYzhhXkEyXkFqcGc@._V1_QL75_UX90_CR0,0,90,133_.jpg",https://www.imdb.com/title/tt0073486/,tt0073486
20,Seven,Movie,8.6,1995,Two detectives try to track down a serial killer who chooses his victims based on the Seven Deadly Sins.,"https://m.media-amazon.com/images/M/MV5BY2IzNzMxZjctZjUxZi00YzAxLTk3ZjMtODFjODdhMDU5NDM1XkEyXkFqcGc@._V1_QL75_UX90_CR0,4,90,133_.jpg",https://www.imdb.com/title/tt0114369/,tt0114369
21,It's a Wonderful Life,Movie,8.6,1946,An angel is sent from Heaven to help a desperately frustrated businessman see the value of his own life.,"https://m.media-amazon.com/images/M/MV5BMDM4OWFhYjEtNTE5Yy00NjcyLTg5N2UtZDQwNDZlYjlmNDU5XkEyXkFqcGc@._V1_QL75_UY133_CR1,0,90,133_.jpg",https://www.imdb.com/title/tt0038650/,tt0038650
22,The Silence of the Lambs,Movie,8.6,1991,A young FBI cadet is aided by a manipulative cannibal killer in her pursuit of a madman who skins his victims.,"https://m.media-amazon.com/images/M/MV5BNDdhOGJhYzctYzYwZC00YmI2LWI0MjctYjg4ODdlMDExYjBlXkEyXkFqcGc@._V1_QL75_UY133_CR0,0,90,133_.jpg",https://www.imdb.com/title/tt0102926/,tt0102926
23,Saving Private Ryan,Movie,8.6,1998,"Following the Normandy Landings, a group of U.S. soldiers go behind enemy lines to retrieve a paratrooper whose brothers have been killed in action.","https://m.media-amazon.com/images/M/MV5BZGZhZGQ1ZWUtZTZjYS00MDJhLWFkYjctN2ZlYjE5NWYwZDM2XkEyXkFqcGc@._V1_QL75_UY133_CR0,0,90,133_.jpg",https://www.imdb.com/title/tt0120815/,tt0120815
24,Seven Samurai,Movie,8.6,1954,"Farmers from a village exploited by bandits hire a veteran samurai for protection, and he gathers six other samurai to join him.","https://m.media-amazon.com/images/M/MV5BZjliMWExOTMtZDQ3ZS00NWU3LWIyN2EtMjllNzk3ZTNlYzg4XkEyXkFqcGc@._V1_QL75_UY133_CR2,0,90,133_.jpg",https://www.imdb.com/title/tt0047478/,tt0047478
25,The Green Mile,Movie,8.6,1999,A death row guard learns that a gentle giant in his charge possesses a mysterious gift.,"https://m.media-amazon.com/images/M/MV5BMTUxMzQyNjA5MF5BMl5BanBnXkFtZTYwOTU2NTY3._V1_QL75_UX90_CR0,0,90,133_.jpg",https://www.imdb.com/title/tt0120689/,tt0120689
26,City of God,Movie,8.6,2002,"In the slums of Rio, two kids' paths diverge as one struggles to become a photographer and the other a kingpin.","https://m.media-amazon.com/images/M/MV5BYjY4NGI5OTUtY2ZlZS00Zjk4LTk5N2MtN2JmYWVjNGNmMGRlXkEyXkFqcGc@._V1_QL75_UY133_CR0,0,90,133_.jpg",https://www.imdb.com/title/tt0317248/,tt0317248
27,Life Is Beautiful,Movie,8.6,1997,"When an open-minded Jewish waiter and his son become victims of the Holocaust, he uses a perfect mixture of will, humor and imagination to protect his son from the dangers around their camp.","https://m.media-amazon.com/images/M/MV5BZTBhOGYzZjQtYzE0Mi00MGIwLWE0MWYtNzMxNTM2OTFkM2NjXkEyXkFqcGc@._V1_QL75_UX90_CR0,0,90,133_.jpg",https://www.imdb.com/title/tt0118799/,tt0118799
28,Terminator 2: Judgment Day,Movie,8.6,1991,"A cyborg from the future, identical to the one who failed to kill Sarah Connor, must now protect her ten-year-old son John from an even more advanced and powerful cyborg.","https://m.media-amazon.com/images/M/MV5BNGMyMGNkMDUtMjc2Ni00NWFlLTgyODEtZTY2MzBiZTg0OWZiXkEyXkFqcGc@._V1_QL75_UX90_CR0,0,90,133_.jpg",https://www.imdb.com/title/tt0103064/,tt0103064
29,Back to the Future,Movie,8.5,1985,"Marty McFly, a 17-year-old high school student, is accidentally sent 30 years into the past in a time-traveling DeLorean invented by his close friend, the maverick scientist Doc Brown.","https://m.media-amazon.com/images/M/MV5BZmM3ZjE0NzctNjBiOC00MDZmLTgzMTUtNGVlOWFlOTNiZDJiXkEyXkFqcGc@._V1_QL75_UX90_CR0,3,90,133_.jpg",https://www.imdb.com/title/tt0088763/,tt0088763
30,Star Wars: Episode IV - A New Hope,Movie,8.6,1977,"A farmboy joins forces with various allies to save their galaxy from the evil Empire's planet-destroying battle station, while also rescuing the princess leading the rebellion against them.","https://m.media-amazon.com/images/M/MV5BOGUwMDk0Y2MtNjBlNi00NmRiLTk2MWYtMGMyMDlhYmI4ZDBjXkEyXkFqcGc@._V1_QL75_UX90_CR0,2,90,133_.jpg",https://www.imdb.com/title/tt0076759/,tt0076759
31,Kill Bill: The Whole Bloody Affair,Movie,8.7,2004,"A female assassin seeks revenge on her former lover and squad members, all of whom left her for dead.","https://m.media-amazon.com/images/M/MV5BZDc2YzhkODAtZmRmZS00YzcxLWJkYWEtM2ZhZjY3MmMyZmJiXkEyXkFqcGc@._V1_QL75_UX90_CR0,1,90,133_.jpg",https://www.imdb.com/title/tt6019206/,tt6019206
32,Spirited Away,Movie,8.6,2001,"During her family's move to the suburbs, a sullen 10-year-old girl wanders into a world ruled by gods, witches and spirits, and where humans are changed into beasts.","https://m.media-amazon.com/images/M/MV5BNTEyNmEwOWUtYzkyOC00ZTQ4LTllZmUtMjk0Y2YwOGUzYjRiXkEyXkFqcGc@._V1_QL75_UX90_CR0,0,90,133_.jpg",https://www.imdb.com/title/tt0245429/,tt0245429
33,Gladiator,Movie,8.5,2000,A former Roman General sets out to exact vengeance against the corrupt emperor who murdered his family and sent him into slavery.,"https://m.media-amazon.com/images/M/MV5BYWQ4YmNjYjEtOWE1Zi00Y2U4LWI4NTAtMTU0MjkxNWQ1ZmJiXkEyXkFqcGc@._V1_QL75_UX90_CR0,0,90,133_.jpg",https://www.imdb.com/title/tt0172495/,tt0172495
34,The Pianist,Movie,8.5,2002,"During WWII, acclaimed Polish musician Wladyslaw faces various struggles as he loses contact with his family. As the situation worsens, he hides in the ruins of Warsaw in order to survive.","https://m.media-amazon.com/images/M/MV5BMjEwNmEwYjgtNTk3ZC00NjljLTg5ZDctZTY3ZGQwZjRkZmQxXkEyXkFqcGc@._V1_QL75_UY133_CR3,0,90,133_.jpg",https://www.imdb.com/title/tt0253474/,tt0253474
35,Parasite,Movie,8.5,2019,Greed and class discrimination threaten the newly formed symbiotic relationship between the wealthy Park family and the destitute Kim clan.,"https://m.media-amazon.com/images/M/MV5BYjk1Y2U4MjQtY2ZiNS00OWQyLWI3MmYtZWUwNmRjYWRiNWNhXkEyXkFqcGc@._V1_QL75_UX90_CR0,0,90,133_.jpg",https://www.imdb.com/title/tt6751668/,tt6751668
36,Grave of the Fireflies,Movie,8.5,1988,A young boy and his little sister struggle to survive in Japan during World War II.,"https://m.media-amazon.com/images/M/MV5BNTY5MmE2OGMtN2IxNC00MDY4LTkwMGEtZDUzOTYyNWE0ZTNjXkEyXkFqcGc@._V1_QL75_UX90_CR0,1,90,133_.jpg",https://www.imdb.com/title/tt0095327/,tt0095327
37,Psycho,Movie,8.5,1960,A secretary on the run for embezzlement takes refuge at a secluded California motel owned by a repressed man and his overbearing mother.,"https://m.media-amazon.com/images/M/MV5BYjZhMzFiZjItODA3ZC00MmRhLWIzMGYtMmVjOWUwYTA3MTRjXkEyXkFqcGc@._V1_QL75_UX90_CR0,0,90,133_.jpg",https://www.imdb.com/title/tt0054215/,tt0054215
38,Harakiri,Movie,8.6,1962,"When a ronin requesting seppuku at a feudal lord's palace is told of the brutal suicide of another ronin who previously visited, he reveals how their pasts are intertwined - and in doing so challenges the clan's integrity.","https://m.media-amazon.com/images/M/MV5BZThiZjU5ZDQtZDI4Mi00ZGYyLTkzOTktYmIzZTFlZTkxYzg5XkEyXkFqcGc@._V1_QL75_UY133_CR1,0,90,133_.jpg",https://www.imdb.com/title/tt0056058/,tt0056058
39,The Lion King,Movie,8.5,1994,"Lion prince Simba and his father are targeted by his bitter uncle, who wants to ascend the throne himself.","https://m.media-amazon.com/images/M/MV5BZGRiZDZhZjItM2M3ZC00Y2IyLTk3Y2MtMWY5YjliNDFkZTJlXkEyXkFqcGc@._V1_QL75_UX90_CR0,0,90,133_.jpg",https://www.imdb.com/title/tt0110357/,tt0110357
40,The Departed,Movie,8.5,2006,An undercover cop and a mole in the police attempt to identify each other while infiltrating an Irish gang in South Boston.,"https://m.media-amazon.com/images/M/MV5BMTI1MTY2OTIxNV5BMl5BanBnXkFtZTYwNjQ4NjY3._V1_QL75_UY133_CR0,0,90,133_.jpg",https://www.imdb.com/title/tt0407887/,tt0407887
41,Whiplash,Movie,8.5,2014,A promising young drummer enrolls at a cut-throat music conservatory where his dreams of greatness are mentored by an instructor who will stop at nothing to realize a student's potential.,"https://m.media-amazon.com/images/M/MV5BMDFjOWFkYzktYzhhMC00NmYyLTkwY2EtYjViMDhmNzg0OGFkXkEyXkFqcGc@._V1_QL75_UX90_CR0,0,90,133_.jpg",https://www.imdb.com/title/tt2582802/,tt2582802
42,The Prestige,Movie,8.5,2006,"Two magicians dismantle their lives to outmaneuver each other following a shared tragedy. They chase the ultimate illusion across Victorian London, sacrificing sanity and safety to master a teleportation feat that defies all logic.","https://m.media-amazon.com/images/M/MV5BM2Y0YmM5MWYtZTYzNi00ZjU5LTlmOGYtZDQ4ODQyMjAzNjQ2XkEyXkFqcGc@._V1_QL75_UX90_CR0,0,90,133_.jpg",https://www.imdb.com/title/tt0482571/,tt0482571
43,American History X,Movie,8.5,1998,A neo-Nazi is released from prison a changed man and hopes to prevent his younger brother from following in his footsteps.,"https://m.media-amazon.com/images/M/MV5BMzhiOTQ0NDItOTg0Zi00OGVmLWE0OGEtMTI4NDM0NWMxZWU4XkEyXkFqcGc@._V1_QL75_UX90_CR0,0,90,133_.jpg",https://www.imdb.com/title/tt0120586/,tt0120586
44,Léon: The Professional,Movie,8.5,1994,"When her family is murdered by a group of corrupt officers led by the tyrannical Norman Stansfield, a young 12-year-old girl enlists the help of an Italian-American hitman to seek revenge.","https://m.media-amazon.com/images/M/MV5BNGRkYTNhOWQtYmI0Ni00MjZhLWJmMzAtMTA2Mjg4NGNiNDU0XkEyXkFqcGc@._V1_QL75_UX90_CR0,0,90,133_.jpg",https://www.imdb.com/title/tt0110413/,tt0110413
45,Spider-Man: Across the Spider-Verse,Movie,8.5,2023,"Traveling across the multiverse, Miles Morales meets a new team of Spider-People, made up of heroes from different dimensions. But when the heroes clash over how to deal with a new threat, Miles finds himself at a crossroads.","https://m.media-amazon.com/images/M/MV5BNThiZjA3MjItZGY5Ni00ZmJhLWEwN2EtOTBlYTA4Y2E0M2ZmXkEyXkFqcGc@._V1_QL75_UX90_CR0,0,90,133_.jpg",https://www.imdb.com/title/tt9362722/,tt9362722
46,Cinema Paradiso,Movie,8.5,1988,"Salvatore, a famous film director, returns to his hometown for the funeral of the local theater's film projectionist, Alfredo. He reminisces about his life as a young boy falling in love with cinema.","https://m.media-amazon.com/images/M/MV5BMTljNzc4YWEtYTZlMS00ODMyLWIwMTAtNWQxY2VkMDEwYTk5XkEyXkFqcGc@._V1_QL75_UX90_CR0,0,90,133_.jpg",https://www.imdb.com/title/tt0095765/,tt0095765
47,Casablanca,Movie,8.5,1942,A cynical expatriate American cafe owner struggles to decide whether or not to help his former lover and her fugitive husband escape the Nazis in French Morocco.,"https://m.media-amazon.com/images/M/MV5BNWEzN2U1YTYtYTQyMS00NTVkLWE2NGQtZWFlMmM0MDNjMmRiXkEyXkFqcGc@._V1_QL75_UX90_CR0,1,90,133_.jpg",https://www.imdb.com/title/tt0034583/,tt0034583
48,The Intouchables,Movie,8.5,2011,"After he becomes a quadriplegic from a paragliding accident, an aristocrat hires a young man from the projects to be his caregiver.","https://m.media-amazon.com/images/M/MV5BMTYxNDA3MDQwNl5BMl5BanBnXkFtZTcwNTU4Mzc1Nw@@._V1_QL75_UX90_CR0,0,90,133_.jpg",https://www.imdb.com/title/tt1675434/,tt1675434
49,The Usual Suspects,Movie,8.5,1995,The sole survivor of a pier shoot-out tells the story of how a notorious criminal influenced the events that began with five criminals meeting in a seemingly random police lineup.,"https://m.media-amazon.com/images/M/MV5BOTE5MDUxZDUtZWZmZC00NDVmLWFhOGQtNWI2YTc4NzY3MGQ0XkEyXkFqcGc@._V1_QL75_UX90_CR0,0,90,133_.jpg",https://www.imdb.com/title/tt0114814/,tt0114814
50,Django Unchained,Movie,8.5,2012,"With the help of a German bounty-hunter, a freed slave sets out to rescue his wife from a brutal plantation owner in Mississippi.","https://m.media-amazon.com/images/M/MV5BMjIyNTQ5NjQ1OV5BMl5BanBnXkFtZTcwODg1MDU4OA@@._V1_QL75_UX90_CR0,0,90,133_.jpg",https://www.imdb.com/title/tt1853728/,tt1853728
51,Alien,Movie,8.4,1979,"After investigating a mysterious transmission of unknown origin, the crew of a commercial spacecraft encounters a deadly lifeform.","https://m.media-amazon.com/images/M/MV5BN2NhMDk2MmEtZDQzOC00MmY5LThhYzAtMDdjZGFjOGZjMjdjXkEyXkFqcGc@._V1_QL75_UX90_CR0,1,90,133_.jpg",https://www.imdb.com/title/tt0078748/,tt0078748
52,Rear Window,Movie,8.4,1954,A bored photographer recovering from a broken leg passes the time by watching his neighbors and begins to suspect one of them of murder.,"https://m.media-amazon.com/images/M/MV5BODZhOWI1ODgtMzdiOS00YjNkLTgwOGUtYmIyZDg5ZmQwMzQ1XkEyXkFqcGc@._V1_QL75_UY133_CR1,0,90,133_.jpg",https://www.imdb.com/title/tt0047396/,tt0047396
53,Modern Times,Movie,8.5,1936,The Tramp struggles to live in modern industrial society with the help of a young homeless woman.,"https://m.media-amazon.com/images/M/MV5BODVkZGFhNGQtYjdiYi00Njc4LWFmYTItNTlmNzJjMTg1ZDc5XkEyXkFqcGc@._V1_QL75_UX90_CR0,0,90,133_.jpg",https://www.imdb.com/title/tt0027977/,tt0027977
54,Once Upon a Time in the West,Movie,8.5,1968,A mysterious stranger with a harmonica teams up with a notorious desperado to protect a beautiful widow and her land from a ruthless assassin in the employ of a railroad tycoon.,"https://m.media-amazon.com/images/M/MV5BZjYyNGY1MDEtN2I1MC00MGVhLTljZTYtODQ1NzQ0ODc2NzZlXkEyXkFqcGc@._V1_QL75_UX90_CR0,1,90,133_.jpg",https://www.imdb.com/title/tt0064116/,tt0064116
55,City Lights,Movie,8.5,1931,"With the aid of a wealthy erratic tippler, a dewy-eyed tramp who has fallen in love with a blind flower girl accumulates money to be able to help her medically.","https://m.media-amazon.com/images/M/MV5BM2U4NjgzODUtODkyOC00YTE2LTlhNTItYzFlYmM1NTEzZDA2XkEyXkFqcGc@._V1_QL75_UX90_CR0,1,90,133_.jpg",https://www.imdb.com/title/tt0021749/,tt0021749
56,WALL·E,Movie,8.4,2008,"In a future where humans have temporarily abandoned Earth, a trash-compacting robot falls in love with a flying droid and helps her on her quest to restore hope to mankind.","https://m.media-amazon.com/images/M/MV5BMjExMTg5OTU0NF5BMl5BanBnXkFtZTcwMjMxMzMzMw@@._V1_QL75_UX90_CR0,0,90,133_.jpg",https://www.imdb.com/title/tt0910970/,tt0910970
57,Apocalypse Now,Movie,8.4,1979,A U.S. Army officer serving in Vietnam is tasked with assassinating a renegade Special Forces Colonel who sees himself as a god.,"https://m.media-amazon.com/images/M/MV5BZDhiMTljYjYtODc1Yy00MmEwLTg2OTYtYmE1YTRmNDE4MmEwXkEyXkFqcGc@._V1_QL75_UX90_CR0,2,90,133_.jpg",https://www.imdb.com/title/tt0078788/,tt0078788
58,Memento,Movie,8.4,2000,A former insurance investigator who now suffers from anterograde amnesia uses notes and tattoos to hunt down his wife's murderer.,"https://m.media-amazon.com/images/M/MV5BMGQ3Y2Q4NjktN2E4Ny00Y2Q2LTliZDUtZTNiNjRhY2I0NGIyXkEyXkFqcGc@._V1_QL75_UX90_CR0,1,90,133_.jpg",https://www.imdb.com/title/tt0209144/,tt0209144
59,Avengers: Infinity War,Movie,8.4,2018,The Avengers and their allies must be willing to sacrifice all in an attempt to defeat the powerful Thanos before his blitz of devastation and ruin puts an end to the universe.,"https://m.media-amazon.com/images/M/MV5BMjMxNjY2MDU1OV5BMl5BanBnXkFtZTgwNzY1MTUwNTM@._V1_QL75_UX90_CR0,0,90,133_.jpg",https://www.imdb.com/title/tt4154756/,tt4154756
60,Dune: Part Two,Movie,8.4,2024,"Paul Atreides unites with the Fremen while on a warpath of revenge against the conspirators who destroyed his family. Facing a choice between the love of his life and the fate of the universe, he endeavors to prevent a terrible future.","https://m.media-amazon.com/images/M/MV5BNTc0YmQxMjEtODI5MC00NjFiLTlkMWUtOGQ5NjFmYWUyZGJhXkEyXkFqcGc@._V1_QL75_UX90_CR0,0,90,133_.jpg",https://www.imdb.com/title/tt15239678/,tt15239678
61,Raiders of the Lost Ark,Movie,8.4,1981,"In 1936, archaeologist Indiana Jones is tasked by Army Intelligence to help locate a legendary ancient power, the Ark of Covenant, before the Nazis get it first.","https://m.media-amazon.com/images/M/MV5BOGNhMjg2ZjgtYzk4Ni00MTViLTg1MmUtYzM2MDZiYjZlMmU3XkEyXkFqcGc@._V1_QL75_UY133_CR0,0,90,133_.jpg",https://www.imdb.com/title/tt0082971/,tt0082971
62,The Odyssey,Movie,8.5,2026,"After the Trojan War, Odysseus faces a dangerous voyage back to Ithaca, meeting creatures like the Cyclops Polyphemus, Sirens, and Calypso along the way.","https://m.media-amazon.com/images/M/MV5BNTcyNmJlZmQtNDUwYy00NDBjLTg1NGQtYTY2Y2UxMWM3NmI1XkEyXkFqcGc@._V1_QL75_UX90_CR0,0,90,133_.jpg",https://www.imdb.com/title/tt33764258/,tt33764258
63,Spider-Man: Into the Spider-Verse,Movie,8.4,2018,Teen Miles Morales becomes the Spider-Man of his universe and must join with five spider-powered individuals from other dimensions to stop a threat for all realities.,"https://m.media-amazon.com/images/M/MV5BMjMwNDkxMTgzOF5BMl5BanBnXkFtZTgwNTkwNTQ3NjM@._V1_QL75_UX90_CR0,0,90,133_.jpg",https://www.imdb.com/title/tt4633694/,tt4633694
64,The Lives of Others,Movie,8.4,2006,"In 1984 East Berlin, an agent of the secret police conducting surveillance on a writer and his lover finds himself becoming increasingly absorbed by their lives.","https://m.media-amazon.com/images/M/MV5BYjM1N2Q0YWEtN2E5MC00NDM3LTk2NTEtMTc1NTk5OTA5ZGIzXkEyXkFqcGc@._V1_QL75_UX90_CR0,0,90,133_.jpg",https://www.imdb.com/title/tt0405094/,tt0405094
65,Sunset Boulevard,Movie,8.4,1950,A screenwriter develops a dangerous relationship with a faded film star determined to make a triumphant return.,"https://m.media-amazon.com/images/M/MV5BMTU0NTkyNzYwMF5BMl5BanBnXkFtZTgwMDU0NDk5MTI@._V1_QL75_UX90_CR0,1,90,133_.jpg",https://www.imdb.com/title/tt0043014/,tt0043014
66,Witness for the Prosecution,Movie,8.4,1957,A veteran British barrister must defend his client in a murder trial that has surprise after surprise.,"https://m.media-amazon.com/images/M/MV5BNjRhNTQzMzQtMWViMi00ODQ1LTg0MTEtYWE4ZWZlYjM4YjJhXkEyXkFqcGc@._V1_QL75_UX90_CR0,2,90,133_.jpg",https://www.imdb.com/title/tt0051201/,tt0051201
67,Paths of Glory,Movie,8.4,1957,A colonel defends three of his soldiers in a court-martial after they abandon a suicidal attack.,"https://m.media-amazon.com/images/M/MV5BNmQ2NmI2ODYtMDQzNS00NzQyLTkzZjgtZmZlYTQ5MTc1OWU3XkEyXkFqcGc@._V1_QL75_UX90_CR0,2,90,133_.jpg",https://www.imdb.com/title/tt0050825/,tt0050825
68,The Shining,Movie,8.4,1980,"A family heads to an isolated hotel for the winter, where a sinister presence influences the father into violence. At the same time, his psychic son sees horrifying forebodings from both the past and the future.","https://m.media-amazon.com/images/M/MV5BNmM5ZThhY2ItOGRjOS00NzZiLWEwYTItNDgyMjFkOTgxMmRiXkEyXkFqcGc@._V1_QL75_UX90_CR0,2,90,133_.jpg",https://www.imdb.com/title/tt0081505/,tt0081505
69,The Great Dictator,Movie,8.4,1940,Dictator Adenoid Hynkel tries to expand his empire while a poor Jewish barber tries to avoid persecution from Hynkel's regime.,"https://m.media-amazon.com/images/M/MV5BMjc4ZjEwNDUtMjlmZS00NzQ4LTg2N2MtMGI3ZjMyMmM3ZDM2XkEyXkFqcGc@._V1_QL75_UX90_CR0,0,90,133_.jpg",https://www.imdb.com/title/tt0032553/,tt0032553
70,Inglourious Basterds,Movie,8.4,2009,"In Nazi-occupied France during World War II, a plan to assassinate Nazi leaders by a group of Jewish U.S. soldiers coincides with a theatre owner's vengeful plans for the same.","https://m.media-amazon.com/images/M/MV5BODZhMWJlNjYtNDExNC00MTIzLTllM2ItOGQ2NGVjNDQ3MzkzXkEyXkFqcGc@._V1_QL75_UX90_CR0,0,90,133_.jpg",https://www.imdb.com/title/tt0361748/,tt0361748
71,Aliens,Movie,8.4,1986,"Decades after surviving the Nostromo incident, Ellen Ripley is sent out to re-establish contact with a terraforming colony but finds herself battling the Alien Queen and her offspring.","https://m.media-amazon.com/images/M/MV5BZjIyNGJhYzYtN2I1My00OTVhLWEyMzItZTVjNDMzOTVkYWViXkEyXkFqcGc@._V1_QL75_UX90_CR0,1,90,133_.jpg",https://www.imdb.com/title/tt0090605/,tt0090605
72,12th Fail,Movie,8.7,2023,The real-life story of IPS Officer Manoj Kumar Sharma and IRS Officer Shraddha Joshi.,"https://m.media-amazon.com/images/M/MV5BNTE3OTIxZDYtNjA0NC00N2YxLTg1NGQtOTYxNmZkMDkwOWNjXkEyXkFqcGc@._V1_QL75_UY133_CR6,0,90,133_.jpg",https://www.imdb.com/title/tt23849204/,tt23849204
73,High and Low,Movie,8.4,1963,An executive of a Yokohama shoe company becomes a victim of extortion when his chauffeur's son is kidnapped by mistake and held for ransom.,"https://m.media-amazon.com/images/M/MV5BOTFmOTNjYjUtMDA2MC00ZTJiLThiYzktNDdjNzQwMjNkN2NmXkEyXkFqcGc@._V1_QL75_UY133_CR2,0,90,133_.jpg",https://www.imdb.com/title/tt0057565/,tt0057565
74,Avengers: Endgame,Movie,8.4,2019,"After the devastating events of Avengers: Infinity War (2018), the universe is in ruins. With the help of remaining allies, the Avengers assemble once more in order to reverse Thanos' actions and restore balance to the universe.","https://m.media-amazon.com/images/M/MV5BMTc5MDE2ODcwNV5BMl5BanBnXkFtZTgwMzI2NzQ2NzM@._V1_QL75_UX90_CR0,0,90,133_.jpg",https://www.imdb.com/title/tt4154796/,tt4154796
75,Good Will Hunting,Movie,8.4,1997,"A therapist counsels Will Hunting, a janitor with a genius IQ.","https://m.media-amazon.com/images/M/MV5BNDdjZGQ5YzEtNTc2My00Mjc0LWFlMTctYzkwMzZlNzdiZWYzXkEyXkFqcGc@._V1_QL75_UX90_CR0,2,90,133_.jpg",https://www.imdb.com/title/tt0119217/,tt0119217
76,Coco,Movie,8.4,2017,"Aspiring musician Miguel, confronted with his family's ancestral ban on music, enters the Land of the Dead to find his great-great-grandfather, a legendary singer.","https://m.media-amazon.com/images/M/MV5BMDIyM2E2NTAtMzlhNy00ZGUxLWI1NjgtZDY5MzhiMDc5NGU3XkEyXkFqcGc@._V1_QL75_UY133_CR2,0,90,133_.jpg",https://www.imdb.com/title/tt2380307/,tt2380307
77,The Dark Knight Rises,Movie,8.4,2012,"Bane, an imposing terrorist, attacks Gotham City and disrupts its eight-year-long period of peace. This forces Bruce Wayne to come out of hiding and don the cape and cowl of Batman again.","https://m.media-amazon.com/images/M/MV5BMTk4ODQzNDY3Ml5BMl5BanBnXkFtZTcwODA0NTM4Nw@@._V1_QL75_UX90_CR0,0,90,133_.jpg",https://www.imdb.com/title/tt1345836/,tt1345836
78,Toy Story,Movie,8.3,1995,"A cowboy doll is profoundly jealous when a new spaceman action figure supplants him as the top toy in a boy's bedroom. When circumstances separate them from their owner, the duo have to put aside their differences to return to him.","https://m.media-amazon.com/images/M/MV5BZTA3OWVjOWItNjE1NS00NzZiLWE1MjgtZDZhMWI1ZTlkNzYwXkEyXkFqcGc@._V1_QL75_UX90_CR0,0,90,133_.jpg",https://www.imdb.com/title/tt0114709/,tt0114709
79,Amadeus,Movie,8.4,1984,"In 18th-century Vienna, court composer Antonio Salieri becomes awed and consumed by envy when the gifted, irreverent Wolfgang Amadeus Mozart bursts onto the imperial music scene.","https://m.media-amazon.com/images/M/MV5BMzc2MjM0NTMtOGY4NC00NzY1LWE2ODUtZjMzY2RhNGNkZDAyXkEyXkFqcGc@._V1_QL75_UX90_CR0,3,90,133_.jpg",https://www.imdb.com/title/tt0086879/,tt0086879
80,Your Name.,Movie,8.4,2016,"Two teenagers, a city boy in Tokyo and a girl in rural Japan, mysteriously begin swapping bodies, forging a connection that sends them searching for one another.","https://m.media-amazon.com/images/M/MV5BMjI1ODZkYTgtYTY3Yy00ZTJkLWFkOTgtZDUyYWM4MzQwNjk0XkEyXkFqcGc@._V1_QL75_UX90_CR0,0,90,133_.jpg",https://www.imdb.com/title/tt5311514/,tt5311514
81,Das Boot,Movie,8.3,1981,"During World War II, a German U-boat crew embarks on a perilous Atlantic patrol, confronting enemy attacks, isolation, and the crushing strain of life underwater.","https://m.media-amazon.com/images/M/MV5BNGU0MWZlMTUtM2Y3Ny00NGNmLWE5NmEtN2YxOWQzMGM3ZWYzXkEyXkFqcGc@._V1_QL75_UX90_CR0,2,90,133_.jpg",https://www.imdb.com/title/tt0082096/,tt0082096
82,Braveheart,Movie,8.3,1995,Scottish warrior William Wallace leads his countrymen in a rebellion to free his homeland from the tyranny of King Edward I of England.,"https://m.media-amazon.com/images/M/MV5BNGMxZDBhNGQtYTZlNi00N2UzLWI4NDEtNmUzNWM2NTdmZDA0XkEyXkFqcGc@._V1_QL75_UY133_CR0,0,90,133_.jpg",https://www.imdb.com/title/tt0112573/,tt0112573
83,Princess Mononoke,Movie,8.3,1997,"After a deadly curse forces him from home, young warrior Ashitaka journeys west and is drawn into a conflict between ancient forest spirits, an iron town, and a wolf-raised girl.","https://m.media-amazon.com/images/M/MV5BZTcyN2Y0MDYtMGI1NC00MWQ1LWFhZGMtN2U4NTcxZGYyNjljXkEyXkFqcGc@._V1_QL75_UX90_CR0,1,90,133_.jpg",https://www.imdb.com/title/tt0119698/,tt0119698
84,Oldboy,Movie,8.3,2003,"After being kidnapped and imprisoned for fifteen years, Oh Dae-Su is released, only to find that he must track down his captor in five days.","https://m.media-amazon.com/images/M/MV5BMTAwNzNjYWItZmI0Ni00ZTcyLWIwNWMtZjlmNGMxZTEyYTJmXkEyXkFqcGc@._V1_QL75_UX90_CR0,1,90,133_.jpg",https://www.imdb.com/title/tt0364569/,tt0364569
85,3 Idiots,Movie,8.4,2009,"Two friends search for a brilliant, free-spirited classmate whose unconventional approach to engineering school changed their lives and challenged a rigid education system.","https://m.media-amazon.com/images/M/MV5BNzc4ZWQ3NmYtODE0Ny00YTQ4LTlkZWItNTBkMGQ0MmUwMmJlXkEyXkFqcGc@._V1_QL75_UY133_CR1,0,90,133_.jpg",https://www.imdb.com/title/tt1187043/,tt1187043
86,Dr. Strangelove or: How I Learned to Stop Worrying and Love the Bomb,Movie,8.3,1964,"When a rogue U.S. general orders an unauthorized nuclear attack on the Soviet Union, leaders in the War Room race to prevent global catastrophe.","https://m.media-amazon.com/images/M/MV5BMjFjYzBlOTktMTI2OS00ZWVhLTgxMDUtNzAwODY2NmI3YTAzXkEyXkFqcGc@._V1_QL75_UX90_CR0,3,90,133_.jpg",https://www.imdb.com/title/tt0057012/,tt0057012
87,American Beauty,Movie,8.3,1999,A sexually frustrated suburban father has a mid-life crisis after becoming infatuated with his daughter's best friend.,"https://m.media-amazon.com/images/M/MV5BMDI1MDE0OTMtMmI2MS00Yjc2LTg2MTItMWExYTg5NzA1OGUzXkEyXkFqcGc@._V1_QL75_UX90_CR0,0,90,133_.jpg",https://www.imdb.com/title/tt0169547/,tt0169547
88,Capernaum,Movie,8.4,2018,"While serving a five-year sentence for a violent crime, a 12-year-old boy sues his parents for neglect.","https://m.media-amazon.com/images/M/MV5BYzEyMzQ1OTktZTljZi00OWQzLWE2ZmUtZjQyNzBjYjE1NTc0XkEyXkFqcGc@._V1_QL75_UY133_CR0,0,90,133_.jpg",https://www.imdb.com/title/tt8267604/,tt8267604
89,Singin' in the Rain,Movie,8.3,1952,"When Hollywood's silent era gives way to talkies, a dashing screen idol and a gifted newcomer navigate romance, rivalry, and the comic chaos of reinventing the movies.","https://m.media-amazon.com/images/M/MV5BMGQzZDFjZWUtZDU4ZS00ZjM3LTgyYmItYjA3YmIwYzRkZWY3XkEyXkFqcGc@._V1_QL75_UY133_CR1,0,90,133_.jpg",https://www.imdb.com/title/tt0045152/,tt0045152
90,Once Upon a Time in America,Movie,8.3,1984,"A former New York gangster returns after decades in exile, confronting the friendships, dreams, and regrets that shaped his rise from street kid to Prohibition-era mobster.","https://m.media-amazon.com/images/M/MV5BMDQ0ZTg2OGUtZjMyOC00M2M5LThkMmItZmM2MmUzMmIxMWJhXkEyXkFqcGc@._V1_QL75_UX90_CR0,1,90,133_.jpg",https://www.imdb.com/title/tt0087843/,tt0087843
91,Joker,Movie,8.3,2019,"Arthur Fleck, a party clown and a failed stand-up comedian, leads an impoverished life with his ailing mother. However, when society shuns him and brands him as a freak, he decides to embrace the life of chaos in Gotham City.","https://m.media-amazon.com/images/M/MV5BNzY3OWQ5NDktNWQ2OC00ZjdlLThkMmItMDhhNDk3NTFiZGU4XkEyXkFqcGc@._V1_QL75_UX90_CR0,0,90,133_.jpg",https://www.imdb.com/title/tt7286456/,tt7286456
92,Toy Story 3,Movie,8.3,2010,"As Andy prepares to leave for college, Woody, Buzz and the gang face an uncertain future when a mix-up sends them to a daycare center full of new toys.","https://m.media-amazon.com/images/M/MV5BMTgxOTY4Mjc0MF5BMl5BanBnXkFtZTcwNTA4MDQyMw@@._V1_QL75_UY133_CR2,0,90,133_.jpg",https://www.imdb.com/title/tt0435761/,tt0435761
93,Star Wars: Episode VI - Return of the Jedi,Movie,8.3,1983,"After rescuing Han Solo from Jabba the Hutt, the Rebel Alliance attempts to destroy the second Death Star while Luke struggles to help Darth Vader back from the dark side.","https://m.media-amazon.com/images/M/MV5BNWEwOTI0MmUtMGNmNy00ODViLTlkZDQtZTg1YmQ3MDgyNTUzXkEyXkFqcGc@._V1_QL75_UX90_CR0,3,90,133_.jpg",https://www.imdb.com/title/tt0086190/,tt0086190
94,Come and See,Movie,8.3,1985,"After finding a rifle, a Belarusian teenager joins Soviet partisans in World War II and is swept into the harrowing realities of Nazi occupation.","https://m.media-amazon.com/images/M/MV5BNDlkZmVkZDAtZGFmMS00OWIzLWJkY2YtNWE5NjNhNjhiZGE3XkEyXkFqcGc@._V1_QL75_UX90_CR0,2,90,133_.jpg",https://www.imdb.com/title/tt0091251/,tt0091251
95,Requiem for a Dream,Movie,8.3,2000,"Four Coney Island dreamers chase love, fame, and escape, but addiction and obsession begin to distort their hopes for a better life.","https://m.media-amazon.com/images/M/MV5BN2ZlMjIzZjctYzA2My00ZWYyLWI4ZjctMGI2NWYyNzFiZjAwXkEyXkFqcGc@._V1_QL75_UX90_CR0,1,90,133_.jpg",https://www.imdb.com/title/tt0180093/,tt0180093
96,Ikiru,Movie,8.3,1952,"An aging Tokyo bureaucrat, shaken by a grave diagnosis, breaks from his hollow routine and searches for meaning, connection, and one worthwhile act.","https://m.media-amazon.com/images/M/MV5BMmZiNzExNmUtODU5YS00MDE1LWI0YTItMzVmNjM1ZTQ5NGVhXkEyXkFqcGc@._V1_QL75_UX90_CR0,1,90,133_.jpg",https://www.imdb.com/title/tt0044741/,tt0044741
97,The Hunt,Movie,8.3,2012,"A teacher lives a lonely life, all the while struggling over his son's custody. His life slowly gets better as he finds love and receives good news from his son, but his new luck is about to be brutally shattered by an innocent little lie.","https://m.media-amazon.com/images/M/MV5BMTg2NDg3ODg4NF5BMl5BanBnXkFtZTcwNzk3NTc3Nw@@._V1_QL75_UY133_CR2,0,90,133_.jpg",https://www.imdb.com/title/tt2106476/,tt2106476
98,Incendies,Movie,8.3,2010,Twins journey to the Middle East to discover their family history and fulfill their mother's last wishes.,"https://m.media-amazon.com/images/M/MV5BYWFmMjdmNjctNzhhOC00ZmMzLTkwOGItMmVmZDU4MjE2MTYwXkEyXkFqcGc@._V1_QL75_UX90_CR0,1,90,133_.jpg",https://www.imdb.com/title/tt1255953/,tt1255953
99,Eternal Sunshine of the Spotless Mind,Movie,8.3,2004,"When their relationship turns sour, a couple undergoes a medical procedure to have each other erased from their memories forever.","https://m.media-amazon.com/images/M/MV5BMTY4NzcwODg3Nl5BMl5BanBnXkFtZTcwNTEwOTMyMw@@._V1_QL75_UX90_CR0,0,90,133_.jpg",https://www.imdb.com/title/tt0338013/,tt0338013
100,The Apartment,Movie,8.3,1960,"A Manhattan insurance clerk tries to rise in his company by letting its executives use his apartment for trysts, but office politics and his own romantic hopes complicate matters.","https://m.media-amazon.com/images/M/MV5BNDdhMzVhOWQtNDU2Mi00ZmZmLWJiZDMtY2QxMjhjY2Y1ZTI5XkEyXkFqcGc@._V1_QL75_UX90_CR0,4,90,133_.jpg",https://www.imdb.com/title/tt0053604/,tt0053604
101,Lawrence of Arabia,Movie,8.3,1962,"The story of T.E. Lawrence, the English officer who successfully united and led the diverse, often warring, Arab tribes during World War I in order to fight the Turks.","https://m.media-amazon.com/images/M/MV5BYjY0YTQ1OTAtYjEyNy00NTQ4LThlMTQtM2QwYTVhYWFhNjU5XkEyXkFqcGc@._V1_QL75_UY133_CR1,0,90,133_.jpg",https://www.imdb.com/title/tt0056172/,tt0056172
102,Heat,Movie,8.3,1995,A group of high-end professional thieves start to feel the heat from the LAPD when they unknowingly leave a verbal clue at their latest heist.,"https://m.media-amazon.com/images/M/MV5BMTkxYjU1OTMtYWViZC00ZjAzLWI3MDktZGQ2N2VmMjVjNDRlXkEyXkFqcGc@._V1_QL75_UY133_CR2,0,90,133_.jpg",https://www.imdb.com/title/tt0113277/,tt0113277
103,Scarface,Movie,8.3,1983,"In the 1980s, a determined criminal-minded Cuban immigrant becomes the biggest drug smuggler in Miami, and is eventually undone by his own drug addiction.","https://m.media-amazon.com/images/M/MV5BNDUzYjY0NmUtMDM4OS00Y2Q5LWJiODYtNTk0ZTk0YjZhMTg1XkEyXkFqcGc@._V1_QL75_UX90_CR0,1,90,133_.jpg",https://www.imdb.com/title/tt0086250/,tt0086250
104,Reservoir Dogs,Movie,8.2,1992,"When a simple jewelry heist goes horribly wrong, the surviving criminals begin to suspect that one of them is a police informant.","https://m.media-amazon.com/images/M/MV5BMmMzYjg4NDctYWY0Mi00OGViLWIzMTMtYWNlZGY5ZDJmYjk3XkEyXkFqcGc@._V1_QL75_UX90_CR0,0,90,133_.jpg",https://www.imdb.com/title/tt0105236/,tt0105236
105,2001: A Space Odyssey,Movie,8.3,1968,"When a mysterious artifact is uncovered on the Moon, a spacecraft manned by two scientists and one supercomputer is dispatched to Jupiter to find its origins.","https://m.media-amazon.com/images/M/MV5BNjU0NDFkMTQtZWY5OS00MmZhLTg3Y2QtZmJhMzMzMWYyYjc2XkEyXkFqcGc@._V1_QL75_UX90_CR0,0,90,133_.jpg",https://www.imdb.com/title/tt0062622/,tt0062622
106,Up,Movie,8.3,2009,A grumpy old man turns his house into an airship using balloons and flies off to South America with a young stowaway.,"https://m.media-amazon.com/images/M/MV5BNmI1ZTc5MWMtMDYyOS00ZDc2LTkzOTAtNjQ4NWIxNjYyNDgzXkEyXkFqcGc@._V1_QL75_UX90_CR0,0,90,133_.jpg",https://www.imdb.com/title/tt1049413/,tt1049413
107,Double Indemnity,Movie,8.3,1944,"An insurance representative is seduced by a dissatisfied housewife into a scheme of insurance fraud and murder that arouses the suspicion of his colleague, a claims investigator.","https://m.media-amazon.com/images/M/MV5BM2YwNjZlZDktNTlmNS00ODQwLWJmNmUtYmE1NTBhYjc1YTY5XkEyXkFqcGc@._V1_QL75_UX90_CR0,1,90,133_.jpg",https://www.imdb.com/title/tt0036775/,tt0036775
108,Like Stars on Earth,Movie,8.3,2007,A young boy is thought to be nothing but a lazy troublemaker until the new art teacher has the patience and compassion to discover the real problem behind his struggles in school.,"https://m.media-amazon.com/images/M/MV5BZTI0ZGRiMDEtNGNjMS00MGU4LWI3OTktNzcxMDZmZTk3MTljXkEyXkFqcGc@._V1_QL75_UY133_CR2,0,90,133_.jpg",https://www.imdb.com/title/tt0986264/,tt0986264
109,North by Northwest,Movie,8.3,1959,"A New York City advertising executive goes on the run after being mistaken for a government agent by a group of foreign spies, and falls for a woman whose loyalties he begins to doubt.","https://m.media-amazon.com/images/M/MV5BZWIzODI2OGItMzM0Ny00OGRmLTlkNmItMDQxMTFmMTk3YmQwXkEyXkFqcGc@._V1_QL75_UX90_CR0,1,90,133_.jpg",https://www.imdb.com/title/tt0053125/,tt0053125
110,Full Metal Jacket,Movie,8.2,1987,A pragmatic U.S. Marine observes the dehumanizing effects the Vietnam War has on his fellow recruits from their brutal boot camp training to the bloody street fighting in Hue.,"https://m.media-amazon.com/images/M/MV5BYWUzNzZkNzUtNDdiYy00Nzk5LTgxMmItNTk0MjRjNjdjNDA0XkEyXkFqcGc@._V1_QL75_UX90_CR0,1,90,133_.jpg",https://www.imdb.com/title/tt0093058/,tt0093058
111,M,Movie,8.3,1931,"When the police in a German city are unable to catch a child-murderer, other criminals join in the manhunt.","https://m.media-amazon.com/images/M/MV5BODA4ODk3OTEzMF5BMl5BanBnXkFtZTgwMTQ2ODMwMzE@._V1_QL75_UX90_CR0,1,90,133_.jpg",https://www.imdb.com/title/tt0022100/,tt0022100
112,A Separation,Movie,8.3,2011,A married couple have to decide whether to improve their daughter's life by moving abroad or to stay in Iran and look after a deteriorating parent with Alzheimer's disease.,"https://m.media-amazon.com/images/M/MV5BMDM0ZWRmMzctM2M5ZS00ZjU0LWIxN2MtNWNlNGY1ZDhjMDVhXkEyXkFqcGc@._V1_QL75_UX90_CR0,0,90,133_.jpg",https://www.imdb.com/title/tt1832382/,tt1832382
113,Amélie,Movie,8.2,2001,"Despite being caught in her imaginative world, young waitress Amelie decides to help people find happiness. Her quest to spread joy leads her on a journey during which she finds true love.","https://m.media-amazon.com/images/M/MV5BOTNmYzY0MWQtZGZmNy00Y2Y4LWFmMDQtMTZjYTdiYzEwZGQ2XkEyXkFqcGc@._V1_QL75_UX90_CR0,1,90,133_.jpg",https://www.imdb.com/title/tt0211915/,tt0211915
114,Citizen Kane,Movie,8.2,1941,"Following the death of publishing tycoon Charles Foster Kane, reporters scramble to uncover the meaning of his final utterance: 'Rosebud.'","https://m.media-amazon.com/images/M/MV5BYjk1ZDJlMmUtOWQ0Zi00MDM5LTk1OGYtODczNjFmMGYwZGVkXkEyXkFqcGc@._V1_QL75_UX90_CR0,1,90,133_.jpg",https://www.imdb.com/title/tt0033467/,tt0033467
115,Vertigo,Movie,8.2,1958,"A former San Francisco police detective juggles wrestling with his personal demons and becoming obsessed with the hauntingly beautiful woman he has been hired to trail, who may be deeply disturbed.","https://m.media-amazon.com/images/M/MV5BNzEyZTUxMWItMGVhYy00Y2NlLTljYTMtYzBmMzI1YmUyMDBkXkEyXkFqcGc@._V1_QL75_UX90_CR0,3,90,133_.jpg",https://www.imdb.com/title/tt0052357/,tt0052357
116,Attack on Titan: The Last Attack,Movie,9,2024,"The fate of the world hangs in the balance as Eren unleashes the ultimate power of the Titans. With a burning determination to eliminate all who threaten Eldia, he leads an unstoppable army of Colossal Titans towards Marley.","https://m.media-amazon.com/images/M/MV5BNzVjOWEwYjEtNDJhOC00YjUyLThjMWItMDQwZGY1ODM4YzI3XkEyXkFqcGc@._V1_QL75_UY133_CR2,0,90,133_.jpg",https://www.imdb.com/title/tt33175825/,tt33175825
117,Die Hard,Movie,8.2,1988,A New York City cop tries to save his wife and several others taken hostage by terrorists during a Christmas party in a Los Angeles skyscraper.,"https://m.media-amazon.com/images/M/MV5BMGNlYmM1NmQtYWExMS00NmRjLTg5ZmEtMmYyYzJkMzljYWMxXkEyXkFqcGc@._V1_QL75_UX90_CR0,1,90,133_.jpg",https://www.imdb.com/title/tt0095016/,tt0095016
118,To Kill a Mockingbird,Movie,8.2,1962,A widowed lawyer in Depression-era Alabama defends a black man against a false rape charge while teaching his young children about the sad reality of prejudice.,"https://m.media-amazon.com/images/M/MV5BZTlkYWU4MGEtZmQyYi00OWEzLTgzY2EtYzVjOTEzYzAyNTk1XkEyXkFqcGc@._V1_QL75_UX90_CR0,2,90,133_.jpg",https://www.imdb.com/title/tt0056592/,tt0056592
119,Indiana Jones and the Last Crusade,Movie,8.2,1989,"In 1938, after his father goes missing while pursuing the Holy Grail, Indiana Jones finds himself up against the Nazis again to stop them from obtaining its powers.","https://m.media-amazon.com/images/M/MV5BNGIxNzQ0YzYtMjNmYi00YjBlLWFjNzEtNGE3ZGFmYTczM2MwXkEyXkFqcGc@._V1_QL75_UX90_CR0,0,90,133_.jpg",https://www.imdb.com/title/tt0097576/,tt0097576
120,I Swear,Movie,8.4,2025,"John Davidson: diagnosed with Tourette's syndrome at a young age which alienated him from his peers, he struggled with a condition few people had witnessed.","https://m.media-amazon.com/images/M/MV5BNWQxYTMyZTktZDg5Yi00Y2YwLWI4YzQtMjkyYmYxNmFjYThmXkEyXkFqcGc@._V1_QL75_UX90_CR0,0,90,133_.jpg",https://www.imdb.com/title/tt31514146/,tt31514146
121,The Sting,Movie,8.2,1973,Two grifters team up to pull off the ultimate con.,"https://m.media-amazon.com/images/M/MV5BZGI4OTk4MDMtYmQ1Ni00YTUzLTkyYTktZGUwMjMyN2M4NjQ5XkEyXkFqcGc@._V1_QL75_UX90_CR0,2,90,133_.jpg",https://www.imdb.com/title/tt0070735/,tt0070735
122,A Clockwork Orange,Movie,8.2,1971,Alex DeLarge and his droogs barbarize a decaying near-future.,"https://m.media-amazon.com/images/M/MV5BMTY3MjM1Mzc4N15BMl5BanBnXkFtZTgwODM0NzAxMDE@._V1_QL75_UX90_CR0,0,90,133_.jpg",https://www.imdb.com/title/tt0066921/,tt0066921
123,Metropolis,Movie,8.2,1927,"In a futuristic city sharply divided between the working class and the city planners, the son of the city's mastermind falls in love with a working-class prophet who predicts the coming of a savior to mediate their differences.","https://m.media-amazon.com/images/M/MV5BMjhjMGYyMjAtMzJkYy00NzhlLWIwY2MtMWQ2ODIxZDUyOGYyXkEyXkFqcGc@._V1_QL75_UY133_CR0,0,90,133_.jpg",https://www.imdb.com/title/tt0017136/,tt0017136
124,1917,Movie,8.2,2019,"April 6th, 1917. As an infantry battalion assembles to wage war deep in enemy territory, two soldiers are assigned to race against time and deliver a message that will stop 1,600 men from walking straight into a deadly trap.","https://m.media-amazon.com/images/M/MV5BYzkxZjg2NDQtMGVjMy00NWZkLTk0ZDEtZWE3NDYwYjAyMTg1XkEyXkFqcGc@._V1_QL75_UX90_CR0,5,90,133_.jpg",https://www.imdb.com/title/tt8579674/,tt8579674
125,Snatch,Movie,8.2,2000,"Unscrupulous boxing promoters, violent bookmakers, a Russian gangster, incompetent amateur robbers and supposedly Jewish jewelers fight to track down a priceless stolen diamond.","https://m.media-amazon.com/images/M/MV5BYzk5NjJkMTQtN2IyNC00YWM5LTlhZmMtNGI3MWNhMTU1YTc4XkEyXkFqcGc@._V1_QL75_UY133_CR1,0,90,133_.jpg",https://www.imdb.com/title/tt0208092/,tt0208092
126,The Wolf of Wall Street,Movie,8.2,2013,"Based on the true story of Jordan Belfort, from his rise to a wealthy stock-broker living the high life to his fall involving crime, corruption and the federal government.","https://m.media-amazon.com/images/M/MV5BMjIxMjgxNTk0MF5BMl5BanBnXkFtZTgwNjIyOTg2MDE@._V1_QL75_UX90_CR0,0,90,133_.jpg",https://www.imdb.com/title/tt0993846/,tt0993846
127,The Truman Show,Movie,8.2,1998,An insurance salesman begins to suspect that his whole life is actually some sort of reality TV show.,"https://m.media-amazon.com/images/M/MV5BNzA3ZjZlNzYtMTdjMy00NjMzLTk5ZGYtMTkyYzNiOGM1YmM3XkEyXkFqcGc@._V1_QL75_UX90_CR0,0,90,133_.jpg",https://www.imdb.com/title/tt0120382/,tt0120382
128,Downfall,Movie,8.2,2004,"Traudl Junge, the final secretary for Adolf Hitler, tells of the Nazi dictator's final days in his Berlin bunker at the end of WWII.","https://m.media-amazon.com/images/M/MV5BMTU0NTU5NTAyMl5BMl5BanBnXkFtZTYwNzYwMDg2._V1_QL75_UY133_CR1,0,90,133_.jpg",https://www.imdb.com/title/tt0363163/,tt0363163
129,L.A. Confidential,Movie,8.2,1997,"As corruption grows in 1950s Los Angeles, three policemen - one strait-laced, one brutal, and one sleazy - investigate a series of murders with their own brand of justice.","https://m.media-amazon.com/images/M/MV5BODdiMjY1OGYtNDk0NC00NGQ1LWI4MDItOTJhMTM0YjE1YTAzXkEyXkFqcGc@._V1_QL75_UY133_CR1,0,90,133_.jpg",https://www.imdb.com/title/tt0119488/,tt0119488
130,Shutter Island,Movie,8.2,2010,Two US marshals are sent to a mental institution on an inhospitable island in order to investigate the disappearance of a patient.,"https://m.media-amazon.com/images/M/MV5BN2FjNWExYzEtY2YzOC00YjNlLTllMTQtNmIwM2Q1YzBhOWM1XkEyXkFqcGc@._V1_QL75_UX90_CR0,0,90,133_.jpg",https://www.imdb.com/title/tt1130884/,tt1130884
131,Dangal,Movie,8.3,2016,"Mahavir Singh Phogat, a former wrestler, decides to fulfill his dream of winning a gold medal for his country by training his daughters for the Commonwealth Games despite the existing social stigmas.","https://m.media-amazon.com/images/M/MV5BMTQ4MzQzMzM2Nl5BMl5BanBnXkFtZTgwMTQ1NzU3MDI@._V1_QL75_UY133_CR3,0,90,133_.jpg",https://www.imdb.com/title/tt5074352/,tt5074352
132,Green Book,Movie,8.2,2018,A working-class Italian-American bouncer becomes the driver for an African-American classical pianist on a tour of venues through the 1960s American South.,"https://m.media-amazon.com/images/M/MV5BNDU5YTNmMmItN2QxNy00OGQ0LTg5MTctNzFmYjEzZjcwN2UwXkEyXkFqcGc@._V1_QL75_UX90_CR0,1,90,133_.jpg",https://www.imdb.com/title/tt6966692/,tt6966692
133,Bicycle Thieves,Movie,8.2,1948,"In post-war Italy, a working-class man's bicycle is stolen, endangering his efforts to find work. He and his son set out to find it.","https://m.media-amazon.com/images/M/MV5BMjIzMzAyMzg1Nl5BMl5BanBnXkFtZTgwMzMyNzk0MTE@._V1_QL75_UY133_CR1,0,90,133_.jpg",https://www.imdb.com/title/tt0040522/,tt0040522
134,Judgment at Nuremberg,Movie,8.3,1961,"Fictionalized depiction of the 1947 Judges' Trial, the third of 12 trials of Nazi war criminals conducted by the American occupying forces in Nuremberg, Germany, in which former judges of Nazi Germany were tried for their actions.","https://m.media-amazon.com/images/M/MV5BNDc2ODQ5NTE2MV5BMl5BanBnXkFtZTcwODExMjUyNA@@._V1_QL75_UX90_CR0,1,90,133_.jpg",https://www.imdb.com/title/tt0055031/,tt0055031
135,Oppenheimer,Movie,8.2,2023,"A dramatization of the life story of J. Robert Oppenheimer, the physicist who had a large hand in the development of the atomic bombs that brought an end to World War II.","https://m.media-amazon.com/images/M/MV5BN2JkMDc5MGQtZjg3YS00NmFiLWIyZmQtZTJmNTM5MjVmYTQ4XkEyXkFqcGc@._V1_QL75_UX90_CR0,0,90,133_.jpg",https://www.imdb.com/title/tt15398776/,tt15398776
136,Batman Begins,Movie,8.2,2005,"After witnessing his parents' death, billionaire Bruce Wayne learns the art of fighting to confront injustice. When he returns to Gotham as Batman, he must stop a secret society that intends to destroy the city.","https://m.media-amazon.com/images/M/MV5BMzA2NDQzZDEtNDU5Ni00YTlkLTg2OWEtYmQwM2Y1YTBjMjFjXkEyXkFqcGc@._V1_QL75_UX90_CR0,0,90,133_.jpg",https://www.imdb.com/title/tt0372784/,tt0372784
137,Jurassic Park,Movie,8.2,1993,"An industrialist invites some experts to visit his theme park of cloned dinosaurs. After a power failure, the creatures run loose, putting everyone's lives, including his grandchildren's, in danger.","https://m.media-amazon.com/images/M/MV5BMjM2MDgxMDg0Nl5BMl5BanBnXkFtZTgwNTM2OTM5NDE@._V1_QL75_UX90_CR0,1,90,133_.jpg",https://www.imdb.com/title/tt0107290/,tt0107290
138,For a Few Dollars More,Movie,8.2,1965,Two bounty killers with similar intentions but different motivations team up to take down a psychotic Mexican outlaw before he and his gang can carry out an audacious bank robbery.,"https://m.media-amazon.com/images/M/MV5BNTRmOTcyYmYtMTIwNi00ZGYyLTk4YjYtZGJlZTgwZGY0NGQyXkEyXkFqcGc@._V1_QL75_UX90_CR0,2,90,133_.jpg",https://www.imdb.com/title/tt0059578/,tt0059578
139,Hamilton,Movie,8.3,2020,"The real life of one of America's foremost founding fathers and first Secretary of the Treasury, Alexander Hamilton. Captured live on Broadway from the Richard Rodgers Theater with the original Broadway cast.","https://m.media-amazon.com/images/M/MV5BYTc3MWIyMzAtMTZmNC00YmNjLWIyZTgtMmU4NjZkYzZkOThkXkEyXkFqcGc@._V1_QL75_UX90_CR0,0,90,133_.jpg",https://www.imdb.com/title/tt8503618/,tt8503618
140,Taxi Driver,Movie,8.2,1976,"A mentally unstable veteran works as a nighttime taxi driver in New York City, where the perceived decadence and sleaze fuels his urge for violent action.","https://m.media-amazon.com/images/M/MV5BZDNhMGYwM2UtMTdlZS00MGQ1LWI2YzAtODY5YWI1MjYyNzRmXkEyXkFqcGc@._V1_QL75_UX90_CR0,2,90,133_.jpg",https://www.imdb.com/title/tt0075314/,tt0075314
141,Some Like It Hot,Movie,8.2,1959,"After two male musicians witness a mob hit, they flee the state in an all-female band disguised as women, but further complications set in.","https://m.media-amazon.com/images/M/MV5BZTllZDYyNjEtY2RmMS00NmJhLWI4ODAtMTQ0NWFiZTJhZjA0XkEyXkFqcGc@._V1_QL75_UX90_CR0,3,90,133_.jpg",https://www.imdb.com/title/tt0053291/,tt0053291
142,There Will Be Blood,Movie,8.2,2007,"A story of family, religion, hatred, oil and madness, focusing on a turn-of-the-century prospector in the early days of the business.","https://m.media-amazon.com/images/M/MV5BMjAxODQ4MDU5NV5BMl5BanBnXkFtZTcwMDU4MjU1MQ@@._V1_QL75_UX90_CR0,0,90,133_.jpg",https://www.imdb.com/title/tt0469494/,tt0469494
143,The Father,Movie,8.2,2020,"A man refuses all assistance from his daughter as he ages. When he tries to understand what is happening around him, he begins to doubt his loved ones, his own mind and even the fabric of his reality.","https://m.media-amazon.com/images/M/MV5BYzUxMDAyMDAtNzIyZi00OGQ1LTllMjEtYzRjOThkZTUxNTliXkEyXkFqcGc@._V1_QL75_UX90_CR0,0,90,133_.jpg",https://www.imdb.com/title/tt10272386/,tt10272386
144,The Kid,Movie,8.2,1921,"The Tramp cares for an abandoned child, but events put their relationship in jeopardy.","https://m.media-amazon.com/images/M/MV5BNjkxMzY1NTQtN2YwOS00NmIwLTlkNTMtMjNkMzk1ZTk3ZDU2XkEyXkFqcGc@._V1_QL75_UX90_CR0,1,90,133_.jpg",https://www.imdb.com/title/tt0012349/,tt0012349
145,All About Eve,Movie,8.2,1950,A seemingly timid but secretly ruthless ingénue insinuates herself into the lives of an aging Broadway star and her circle of theater friends.,"https://m.media-amazon.com/images/M/MV5BMTY2MTAzODI5NV5BMl5BanBnXkFtZTgwMjM4NzQ0MjE@._V1_QL75_UX90_CR0,1,90,133_.jpg",https://www.imdb.com/title/tt0042192/,tt0042192
146,The Sixth Sense,Movie,8.2,1999,"After being shot by a resentful former patient whom he failed to help, a Philadelphia child psychologist seeks redemption by treating a young boy with a disturbing secret.","https://m.media-amazon.com/images/M/MV5BZWQ2OTY0M2UtMTQxNC00MmIzLTllNDQtNDQ0MTQyYzI2M2ZiXkEyXkFqcGc@._V1_QL75_UY133_CR0,0,90,133_.jpg",https://www.imdb.com/title/tt0167404/,tt0167404
147,Ran,Movie,8.2,1985,"In Medieval Japan, an elderly warlord retires, handing over his empire to his three sons. However, he vastly underestimates how the new-found power will corrupt them and cause them to turn on each other...and him.","https://m.media-amazon.com/images/M/MV5BZDk2NDY5YjktMjEyMC00OTJhLTkzM2EtY2Q4Y2RjYzc2Yjk4XkEyXkFqcGc@._V1_QL75_UX90_CR0,2,90,133_.jpg",https://www.imdb.com/title/tt0089881/,tt0089881
148,Casino,Movie,8.2,1995,"In Las Vegas, two best friends--a casino executive and a Mafia enforcer--compete for a gambling empire and a fast-living, fast-loving socialite.","https://m.media-amazon.com/images/M/MV5BMDRlZWZjZjYtYzY2NS00ZWVjLTkwYzAtZTA2ZDAzMGRiYmYwXkEyXkFqcGc@._V1_QL75_UX90_CR0,1,90,133_.jpg",https://www.imdb.com/title/tt0112641/,tt0112641
149,The Thing,Movie,8.2,1982,A research team in Antarctica is hunted by a shape-shifting alien that assumes the appearance of its victims.,"https://m.media-amazon.com/images/M/MV5BYTA3NDU5MWEtNTk4Yy00ZDNkLThmZTQtMjU3ZGVhYzAyMzU4XkEyXkFqcGc@._V1_QL75_UX90_CR0,1,90,133_.jpg",https://www.imdb.com/title/tt0084787/,tt0084787
150,No Country for Old Men,Movie,8.2,2007,Violence and mayhem ensue after a hunter stumbles upon the aftermath of a drug deal gone wrong and over two million dollars in cash near the Rio Grande.,"https://m.media-amazon.com/images/M/MV5BMjA5Njk3MjM4OV5BMl5BanBnXkFtZTcwMTc5MTE1MQ@@._V1_QL75_UY133_CR0,0,90,133_.jpg",https://www.imdb.com/title/tt0477348/,tt0477348
151,Project Hail Mary,Movie,8.2,2026,"A science teacher wakes up alone on a spaceship. As his memory returns, he uncovers a mission to stop a mysterious substance killing Earth's sun, and realizes that an unexpected friendship may be the key.","https://m.media-amazon.com/images/M/MV5BNTkwNzJiYTctNzI3NC00NjE1LTlhYjktY2Q5MTdmMWFmNzcxXkEyXkFqcGc@._V1_QL75_UX90_CR0,0,90,133_.jpg",https://www.imdb.com/title/tt12042730/,tt12042730
152,Prisoners,Movie,8.2,2013,A desperate father takes the law into his own hands after police fail to find two kidnapped girls.,"https://m.media-amazon.com/images/M/MV5BMTg0NTIzMjQ1NV5BMl5BanBnXkFtZTcwNDc3MzM5OQ@@._V1_QL75_UY133_CR0,0,90,133_.jpg",https://www.imdb.com/title/tt1392214/,tt1392214
153,Top Gun: Maverick,Movie,8.2,2022,"The story involves Maverick confronting his past while training a group of younger Top Gun graduates, including the son of his deceased best friend, for a dangerous mission.","https://m.media-amazon.com/images/M/MV5BMDBkZDNjMWEtOTdmMi00NmExLTg5MmMtNTFlYTJlNWY5YTdmXkEyXkFqcGc@._V1_QL75_UX90_CR0,0,90,133_.jpg",https://www.imdb.com/title/tt1745960/,tt1745960
154,Kill Bill: Vol. 1,Movie,8.2,2003,"After waking from a four-year coma, a former assassin wreaks vengeance on the team of assassins who betrayed her.","https://m.media-amazon.com/images/M/MV5BZmMyYzJlZmYtY2I3NC00NjAyLTkyZWItZjdjZDI1YTYyYTEwXkEyXkFqcGc@._V1_QL75_UX90_CR0,1,90,133_.jpg",https://www.imdb.com/title/tt0266697/,tt0266697
155,Pan's Labyrinth,Movie,8.2,2006,"In 1944 Francoist Spain, an imaginative young girl meets a faun who tells her she's a princess and that she must prove her worthiness by completing three dangerous tasks.","https://m.media-amazon.com/images/M/MV5BOTc1NTAxMWItMWFlNy00MmU2LTkwMTMtNzMwOTg5OTQ5YTFiXkEyXkFqcGc@._V1_QL75_UX90_CR0,0,90,133_.jpg",https://www.imdb.com/title/tt0457430/,tt0457430
156,Unforgiven,Movie,8.2,1992,"Retired Old West gunslinger Will Munny reluctantly takes on one last job to avenge an injustice with the help of his old partner and a young would-be gunman calling himself ""The Schofield Kid"".","https://m.media-amazon.com/images/M/MV5BNmZmMzM3YWMtZjg5Yi00M2MxLTg3ZGItNGU4YjQxNDAxM2Q4XkEyXkFqcGc@._V1_QL75_UX90_CR0,1,90,133_.jpg",https://www.imdb.com/title/tt0105695/,tt0105695
157,A Beautiful Mind,Movie,8.2,2001,"A mathematical genius, John Nash made an astonishing discovery early in his career and stood on the brink of international acclaim. But Nash soon found himself on a harrowing journey of self-discovery.","https://m.media-amazon.com/images/M/MV5BYjgzNjFkMmItOGJhNi00NWM3LWJlYTUtNDExMGQ3ZTI3NjJkXkEyXkFqcGc@._V1_QL75_UX90_CR0,0,90,133_.jpg",https://www.imdb.com/title/tt0268978/,tt0268978
158,Howl's Moving Castle,Movie,8.2,2004,"When an unconfident young woman is cursed with an old body by a spiteful witch, her only chance of breaking the spell lies with a self-indulgent yet insecure young wizard and his companions in his legged, walking castle.","https://m.media-amazon.com/images/M/MV5BMTY1OTg0MjE3MV5BMl5BanBnXkFtZTcwNTUxMTkyMQ@@._V1_QL75_UX90_CR0,0,90,133_.jpg",https://www.imdb.com/title/tt0347149/,tt0347149
159,The Treasure of the Sierra Madre,Movie,8.2,1948,Two down-on-their-luck Americans searching for work in 1920s Mexico convince an old prospector to help them mine for gold in the Sierra Madre Mountains.,"https://m.media-amazon.com/images/M/MV5BOWM1YjFmODEtMWNhMC00YmI1LWI0Y2EtYzg0YTBhZWI4ODE3XkEyXkFqcGc@._V1_QL75_UX90_CR0,1,90,133_.jpg",https://www.imdb.com/title/tt0040897/,tt0040897
160,Finding Nemo,Movie,8.2,2003,"After his son is captured in the Great Barrier Reef and taken to Sydney, a timid clownfish sets out on a journey to bring him home.","https://m.media-amazon.com/images/M/MV5BMTc5NjExNTA5OV5BMl5BanBnXkFtZTYwMTQ0ODY2._V1_QL75_UX90_CR0,0,90,133_.jpg",https://www.imdb.com/title/tt0266543/,tt0266543
161,Klaus,Movie,8.2,2019,"A simple act of kindness always sparks another, even in a frozen, faraway place. When Smeerensburg's new postman, Jesper, befriends toymaker Klaus, their gifts melt an age-old feud and deliver a sleigh full of holiday traditions.","https://m.media-amazon.com/images/M/MV5BZDA4ODhlMzctNGRmYi00NmViLTkxZGYtZjRkNGQ5YzYwYWVlXkEyXkFqcGc@._V1_QL75_UX90_CR0,0,90,133_.jpg",https://www.imdb.com/title/tt4729430/,tt4729430
162,Yojimbo,Movie,8.2,1961,A crafty ronin comes to a town divided by two criminal gangs and decides to play them against each other to free the town.,"https://m.media-amazon.com/images/M/MV5BYzFkODA1N2QtY2UyMC00NTMwLWEyNzctMmE3YjIzNzE1MzY4XkEyXkFqcGc@._V1_QL75_UX90_CR0,1,90,133_.jpg",https://www.imdb.com/title/tt0055630/,tt0055630
163,Demon Slayer: Kimetsu No Yaiba Infinity Castle,Movie,8.4,2025,"The Demon Slayer Corps are drawn into the Infinity Castle, where Tanjiro and the Hashira face terrifying Upper Rank demons in a desperate fight as the final battle against Muzan Kibutsuji begins.","https://m.media-amazon.com/images/M/MV5BOGQ3YWUzYjEtMTJiYy00ZjQ0LWI0YjktYjhiNGVhNGExYTM3XkEyXkFqcGc@._V1_QL75_UX90_CR0,1,90,133_.jpg",https://www.imdb.com/title/tt32820897/,tt32820897
164,The Elephant Man,Movie,8.2,1980,"A Victorian surgeon rescues a heavily-disfigured and mistreated young man working as a sideshow freak, who gradually reveals his capacity for kindness, intelligence and sophistication.","https://m.media-amazon.com/images/M/MV5BMTExNTk0MjIzNDZeQTJeQWpwZ15BbWU3MDY5ODI5Nzg@._V1_QL75_UX90_CR0,1,90,133_.jpg",https://www.imdb.com/title/tt0080678/,tt0080678
165,The Great Escape,Movie,8.2,1963,Allied officers in a German POW camp during World War II make a daring plan for a mass escape.,"https://m.media-amazon.com/images/M/MV5BMDRhNmJjMzEtMWU5MC00YmEyLTg3ZmYtNzYxZTI1ZGU4ZjI1XkEyXkFqcGc@._V1_QL75_UX90_CR0,4,90,133_.jpg",https://www.imdb.com/title/tt0057115/,tt0057115
166,Monty Python and the Holy Grail,Movie,8.1,1975,"King Arthur and his Knights of the Round Table embark on a surreal, low-budget search for the Holy Grail, encountering many, very silly obstacles.","https://m.media-amazon.com/images/M/MV5BYWY4YmUzZmUtMzQ0ZS00N2Y2LWJlODQtN2IwMDc1MWQwMmU3XkEyXkFqcGc@._V1_QL75_UX90_CR0,1,90,133_.jpg",https://www.imdb.com/title/tt0071853/,tt0071853
167,Dial M for Murder,Movie,8.1,1954,"A London playboy plots the perfect murder of his rich, unfaithful wife.","https://m.media-amazon.com/images/M/MV5BZmYzNDgzYjgtNmU3Ny00YzUxLWE3OWUtMjIxZmNkYTVhNDZmXkEyXkFqcGc@._V1_QL75_UY133_CR4,0,90,133_.jpg",https://www.imdb.com/title/tt0046912/,tt0046912
168,The Secret in Their Eyes,Movie,8.2,2009,A retired legal counselor writes a novel hoping to find closure for one of his past unresolved homicide cases and for his unreciprocated love with his superior--both of which still haunt him decades later.,"https://m.media-amazon.com/images/M/MV5BMTgwNTI3OTczOV5BMl5BanBnXkFtZTcwMTM3MTUyMw@@._V1_QL75_UY133_CR0,0,90,133_.jpg",https://www.imdb.com/title/tt1305806/,tt1305806
169,Gone with the Wind,Movie,8.2,1939,A sheltered and manipulative Southern belle and a roguish profiteer face off in a turbulent romance as the society around them crumbles with the end of slavery and is rebuilt during the Civil War and Reconstruction periods.,"https://m.media-amazon.com/images/M/MV5BYmYxZTE3YzMtYmE2Yy00NmFlLTkzYTAtYTAzN2IzNDFkN2E0XkEyXkFqcGc@._V1_QL75_UX90_CR0,2,90,133_.jpg",https://www.imdb.com/title/tt0031381/,tt0031381
170,"Lock, Stock and Two Smoking Barrels",Movie,8.1,1998,"When four small-time criminals lose a rigged poker game against a London kingpin, he gives them one week to settle their enormous debt.","https://m.media-amazon.com/images/M/MV5BMmY1M2M5ZmMtYzllZC00YzAxLTk4MjktZDJkNjA1MTUwMGQ4XkEyXkFqcGc@._V1_QL75_UX90_CR0,1,90,133_.jpg",https://www.imdb.com/title/tt0120735/,tt0120735
171,Chinatown,Movie,8.1,1974,"A private detective hired to expose an adulterer in 1930s Los Angeles finds himself caught up in a web of deceit, corruption, and murder.","https://m.media-amazon.com/images/M/MV5BNmRmZTE0NmUtZjhiZi00MzQ3LTk3ZjctN2Q3ODYzY2U3MDk3XkEyXkFqcGc@._V1_QL75_UX90_CR0,2,90,133_.jpg",https://www.imdb.com/title/tt0071315/,tt0071315
172,Catch Me If You Can,Movie,8.1,2002,"A runaway teenager lives an exciting life by forging checks and impersonating several professions, but his fraudulent activities soon attract the attention of the FBI.","https://m.media-amazon.com/images/M/MV5BMTY5MzYzNjc5NV5BMl5BanBnXkFtZTYwNTUyNTc2._V1_QL75_UX90_CR0,0,90,133_.jpg",https://www.imdb.com/title/tt0264464/,tt0264464
173,The Best of Youth,Movie,8.4,2003,An Italian epic that follows the lives of two brothers from the 1960s to the 2000s.,"https://m.media-amazon.com/images/M/MV5BYzcxMTE2YjUtMzIyMy00NDNjLWE3ZWYtODQzYmNhNDVhNDZmXkEyXkFqcGc@._V1_QL75_UY133_CR2,0,90,133_.jpg",https://www.imdb.com/title/tt0346336/,tt0346336
174,V for Vendetta,Movie,8.1,2005,A young woman living in a dystopian society meets a shadowy freedom fighter who is plotting to overthrow their tyrannical government.,"https://m.media-amazon.com/images/M/MV5BZDEwOTRjNjgtOGY0MC00NGYxLWFmYmQtNjc1ZjVhMTc0OWUxXkEyXkFqcGc@._V1_QL75_UY133_CR0,0,90,133_.jpg",https://www.imdb.com/title/tt0434409/,tt0434409
175,Inside Out,Movie,8.1,2015,"After a young girl is uprooted from her Midwest life and moved to San Francisco, her emotions conflict on how best to navigate her new reality.","https://m.media-amazon.com/images/M/MV5BOTgxMDQwMDk0OF5BMl5BanBnXkFtZTgwNjU5OTg2NDE@._V1_QL75_UX90_CR0,0,90,133_.jpg",https://www.imdb.com/title/tt2096673/,tt2096673
176,Trainspotting,Movie,8.1,1996,"Renton, deeply immersed in the Edinburgh drug scene, tries to clean up and get out despite the allure of drugs and the influence of friends.","https://m.media-amazon.com/images/M/MV5BYmVkNGJkMzQtYWQwOS00OTZmLThjODQtZjNjNzllYzRiNTE0XkEyXkFqcGc@._V1_QL75_UX90_CR0,0,90,133_.jpg",https://www.imdb.com/title/tt0117951/,tt0117951
177,Dead Poets Society,Movie,8.1,1989,A maverick teacher at a prestigious New England boys' boarding school uses poetry to embolden his pupils to new heights of self-expression.,"https://m.media-amazon.com/images/M/MV5BMDYwNGVlY2ItMWYxMS00YjZiLWE5MTAtYWM5NWQ2ZWJjY2Q3XkEyXkFqcGc@._V1_QL75_UY133_CR0,0,90,133_.jpg",https://www.imdb.com/title/tt0097165/,tt0097165
178,"Three Billboards Outside Ebbing, Missouri",Movie,8.1,2017,A mother personally challenges the local authorities to solve her daughter's murder when they fail to catch the culprit.,"https://m.media-amazon.com/images/M/MV5BMjI0ODcxNzM1N15BMl5BanBnXkFtZTgwMzIwMTEwNDI@._V1_QL75_UX90_CR0,0,90,133_.jpg",https://www.imdb.com/title/tt5027774/,tt5027774
179,Harry Potter and the Deathly Hallows: Part 2,Movie,8.1,2011,"Harry, Ron and Hermione set out on a quest to eliminate the remaining horcruxes. On the other hand, the students and teachers must unite to defend Hogwarts against Lord Voldemort and his army.","https://m.media-amazon.com/images/M/MV5BOTA1Mzc2N2ItZWRiNS00MjQzLTlmZDQtMjU0NmY1YWRkMGQ4XkEyXkFqcGc@._V1_QL75_UX90_CR0,1,90,133_.jpg",https://www.imdb.com/title/tt1201607/,tt1201607
180,Rashomon,Movie,8.1,1950,Three parties and a witness have four versions of a rape/murder in ninth-century Japan.,"https://m.media-amazon.com/images/M/MV5BZDlkYjViMDAtYjkxNy00ZDk1LWE5MmUtNDc4NDU3ZWJmOTYzXkEyXkFqcGc@._V1_QL75_UX90_CR0,1,90,133_.jpg",https://www.imdb.com/title/tt0042876/,tt0042876
181,The Bridge on the River Kwai,Movie,8.1,1957,"British POWs are forced to build a railway bridge across the river Kwai for their Japanese captors in occupied Burma, not knowing that the allied forces are planning a daring commando raid through the jungle to destroy it.","https://m.media-amazon.com/images/M/MV5BNzdkYmU2YmItNmZiYy00OWQyLTg0YWYtZmUxM2U3YTRiNTQ1XkEyXkFqcGc@._V1_QL75_UX90_CR0,3,90,133_.jpg",https://www.imdb.com/title/tt0050212/,tt0050212
182,The Wild Robot,Movie,8.2,2024,A sentient robot stranded on an uninhabited island raises an orphaned gosling while trying to fit in with the local wildlife.,"https://m.media-amazon.com/images/M/MV5BZWNiZjVlZTUtNGUwYi00MjJmLTg2MDctNWEzYTJiMzY1ODc4XkEyXkFqcGc@._V1_QL75_UX90_CR0,4,90,133_.jpg",https://www.imdb.com/title/tt29623480/,tt29623480
183,Barry Lyndon,Movie,8.1,1975,An Irish rogue wins the heart of a rich widow and assumes her dead husband's aristocratic position in 18th-century England.,"https://m.media-amazon.com/images/M/MV5BNmM2MGQ5Y2UtYzA3ZC00ZDJlLTkwNDYtMjBmZGExZDJiN2RlXkEyXkFqcGc@._V1_QL75_UX90_CR0,2,90,133_.jpg",https://www.imdb.com/title/tt0072684/,tt0072684
184,Ben-Hur,Movie,8.1,1959,"A Jewish prince is betrayed and sent into slavery by a Roman friend in 1st-century Jerusalem, but it's not long before he regains his freedom and comes back for revenge.","https://m.media-amazon.com/images/M/MV5BNjg2M2E1YzYtOThmMC00NjAyLWI5MzgtMDEwOGFiODdlOGUzXkEyXkFqcGc@._V1_QL75_UX90_CR0,2,90,133_.jpg",https://www.imdb.com/title/tt0052618/,tt0052618
185,Warrior,Movie,8.1,2011,"The youngest son of an alcoholic former boxer returns home, where he's trained by his father for competition in a mixed martial arts tournament - a path that puts the fighter on a collision course with his estranged, older brother.","https://m.media-amazon.com/images/M/MV5BMTk4ODk5MTMyNV5BMl5BanBnXkFtZTcwMDMyNTg0Ng@@._V1_QL75_UX90_CR0,3,90,133_.jpg",https://www.imdb.com/title/tt1291584/,tt1291584
186,Fargo,Movie,8.1,1996,A car salesman's inept crime falls apart due to his and his henchmen's bungling and the persistent police work of a dogged detective.,"https://m.media-amazon.com/images/M/MV5BNjg4MWE0MjEtODFhNy00MjA5LTg5ODktMzgwNWFmZTAwNjBlXkEyXkFqcGc@._V1_QL75_UY133_CR0,0,90,133_.jpg",https://www.imdb.com/title/tt0116282/,tt0116282
187,Hacksaw Ridge,Movie,8.1,2016,"World War II American Army Medic Desmond T. Doss, serving during the Battle of Okinawa, refuses to kill people and becomes the first man in American history to receive the Medal of Honor without firing a shot.","https://m.media-amazon.com/images/M/MV5BMjQ1NjM3MTUxNV5BMl5BanBnXkFtZTgwMDc5MTY5OTE@._V1_QL75_UX90_CR0,3,90,133_.jpg",https://www.imdb.com/title/tt2119532/,tt2119532
188,Mad Max: Fury Road,Movie,8.1,2015,"In a post-apocalyptic wasteland, a woman rebels against a tyrannical ruler in search for her homeland with the aid of a group of female prisoners, a psychotic worshipper and a drifter named Max.","https://m.media-amazon.com/images/M/MV5BZDRkODJhOTgtOTc1OC00NTgzLTk4NjItNDgxZDY4YjlmNDY2XkEyXkFqcGc@._V1_QL75_UX90_CR0,0,90,133_.jpg",https://www.imdb.com/title/tt1392190/,tt1392190
189,Million Dollar Baby,Movie,8.1,2004,"Frankie, an ill-tempered old coach, reluctantly agrees to train aspiring boxer Maggie. Impressed with her determination and talent, he helps her become the best and the two soon form a close bond.","https://m.media-amazon.com/images/M/MV5BMTkxNzA1NDQxOV5BMl5BanBnXkFtZTcwNTkyMTIzMw@@._V1_QL75_UY133_CR0,0,90,133_.jpg",https://www.imdb.com/title/tt0405159/,tt0405159
190,Children of Heaven,Movie,8.2,1997,"After a boy loses his sister's pair of shoes, he goes on a series of adventures in order to find them. When he can't, he tries a new way to ""win"" a new pair.","https://m.media-amazon.com/images/M/MV5BZWZlMjNhNzgtZGRhOS00Y2U5LThjOTctODNjZTI0ZTBiYzBhXkEyXkFqcGc@._V1_QL75_UX90_CR0,2,90,133_.jpg",https://www.imdb.com/title/tt0118849/,tt0118849
191,Ratatouille,Movie,8.1,2007,A rat who can cook makes an unusual alliance with a young kitchen worker at a famous Paris restaurant.,"https://m.media-amazon.com/images/M/MV5BMTMzODU0NTkxMF5BMl5BanBnXkFtZTcwMjQ4MzMzMw@@._V1_QL75_UX90_CR0,0,90,133_.jpg",https://www.imdb.com/title/tt0382932/,tt0382932
192,My Neighbor Totoro,Movie,8.1,1988,"When two girls move to the country to be near their ailing mother, they have adventures with the wondrous forest spirits who live nearby.","https://m.media-amazon.com/images/M/MV5BYWM3MDE3YjEtMzIzZC00ODE5LTgxNTItNmUyMTBkM2M2NmNiXkEyXkFqcGc@._V1_QL75_UX90_CR0,0,90,133_.jpg",https://www.imdb.com/title/tt0096283/,tt0096283
193,Raging Bull,Movie,8.1,1980,"The life of boxer Jake LaMotta, whose violence and temper that led him to the top in the ring destroyed his life outside of it.","https://m.media-amazon.com/images/M/MV5BMjlkYmYyZWQtNTZkOS00ZjA0LWEwNWUtNzE2ZGNiYjg0MjA2XkEyXkFqcGc@._V1_QL75_UY133_CR0,0,90,133_.jpg",https://www.imdb.com/title/tt0081398/,tt0081398
194,Gran Torino,Movie,8.1,2008,"After a Hmong teenager tries to steal his prized 1972 Gran Torino, a disgruntled, prejudiced Korean War veteran seeks to redeem both the boy and himself.","https://m.media-amazon.com/images/M/MV5BMTc5NTk2OTU1Nl5BMl5BanBnXkFtZTcwMDc3NjAwMg@@._V1_QL75_UY133_CR0,0,90,133_.jpg",https://www.imdb.com/title/tt1205489/,tt1205489
195,12 Years a Slave,Movie,8.1,2013,"In the antebellum United States, Solomon Northup, a free black man from upstate New York, is abducted and sold into slavery.","https://m.media-amazon.com/images/M/MV5BMjExMTEzODkyN15BMl5BanBnXkFtZTcwNTU4NTc4OQ@@._V1_QL75_UX90_CR0,0,90,133_.jpg",https://www.imdb.com/title/tt2024544/,tt2024544
196,The Grand Budapest Hotel,Movie,8.1,2014,The owner of an aging high-class hotel regales a writer with tales of serving as a lobby boy under an exceptional concierge in the hotel's glory years.,"https://m.media-amazon.com/images/M/MV5BMzM5NjUxOTEyMl5BMl5BanBnXkFtZTgwNjEyMDM0MDE@._V1_QL75_UX90_CR0,0,90,133_.jpg",https://www.imdb.com/title/tt2278388/,tt2278388
197,How to Train Your Dragon,Movie,8.1,2010,"A hapless young Viking who aspires to hunt dragons becomes the unlikely friend of a young dragon himself, and learns there may be more to the creatures than he assumed.","https://m.media-amazon.com/images/M/MV5BMjA5NDQyMjc2NF5BMl5BanBnXkFtZTcwMjg5ODcyMw@@._V1_QL75_UX90_CR0,0,90,133_.jpg",https://www.imdb.com/title/tt0892769/,tt0892769
198,Memories of Murder,Movie,8.1,2003,"In a small Korean province in 1986, two detectives struggle with the case of multiple young women being found raped and murdered by an unknown culprit.","https://m.media-amazon.com/images/M/MV5BYmRjOWE5NmMtYTdkYS00ODFlLWJiMTMtYzE2NDZlZjlkZDQ0XkEyXkFqcGc@._V1_QL75_UX90_CR0,0,90,133_.jpg",https://www.imdb.com/title/tt0353969/,tt0353969
199,Before Sunrise,Movie,8.1,1995,"A young man and woman meet on a train in Europe, and wind up spending one evening together in Vienna. Unfortunately, both know that this will probably be their only night together.","https://m.media-amazon.com/images/M/MV5BZDZhZmI1ZTUtYWI3NC00NTMwLTk3NWMtNDc0OGNjM2I0ZjlmXkEyXkFqcGc@._V1_QL75_UX90_CR0,0,90,133_.jpg",https://www.imdb.com/title/tt0112471/,tt0112471
200,Blade Runner,Movie,8.1,1982,A blade runner must pursue and terminate four replicants who stole a ship in space and have returned to Earth to find their creator.,"https://m.media-amazon.com/images/M/MV5BOWQ4YTBmNTQtMDYxMC00NGFjLTkwOGQtNzdhNmY1Nzc1MzUxXkEyXkFqcGc@._V1_QL75_UX90_CR0,0,90,133_.jpg",https://www.imdb.com/title/tt0083658/,tt0083658
201,"Monsters, Inc.",Movie,8.1,2001,Two monsters whose job is to make human children scream accidentally let a little girl into their world and must now protect her from their own kind to return her home unscathed.,"https://m.media-amazon.com/images/M/MV5BMTY1NTI0ODUyOF5BMl5BanBnXkFtZTgwNTEyNjQ0MDE@._V1_QL75_UX90_CR0,0,90,133_.jpg",https://www.imdb.com/title/tt0198781/,tt0198781
202,Gone Girl,Movie,8.1,2014,The husband of a missing woman becomes the main suspect in her disappearance.,"https://m.media-amazon.com/images/M/MV5BMTk0MDQ3MzAzOV5BMl5BanBnXkFtZTgwNzU1NzE3MjE@._V1_QL75_UY133_CR0,0,90,133_.jpg",https://www.imdb.com/title/tt2267998/,tt2267998
203,Spider-Man: No Way Home,Movie,8.1,2021,"With Spider-Man's identity now revealed, Peter asks Doctor Strange for help. When a spell goes wrong, dangerous foes from other worlds start to appear.","https://m.media-amazon.com/images/M/MV5BMmFiZGZjMmEtMTA0Ni00MzA2LTljMTYtZGI2MGJmZWYzZTQ2XkEyXkFqcGc@._V1_QL75_UX90_CR0,1,90,133_.jpg",https://www.imdb.com/title/tt10872600/,tt10872600
204,Jaws,Movie,8.1,1975,"When a massive killer shark unleashes chaos on a beach community off Long Island, it's up to the local police chief, a marine biologist, and an old seafarer to hunt the beast down.","https://m.media-amazon.com/images/M/MV5BYjViNDQzNmUtYzkxZi00NTk5LTljMmItYjJlZmZkODIxNjU1XkEyXkFqcGc@._V1_QL75_UX90_CR0,2,90,133_.jpg",https://www.imdb.com/title/tt0073195/,tt0073195
205,Ford v Ferrari,Movie,8.1,2019,American car designer Carroll Shelby and driver Ken Miles battle corporate interference and the laws of physics to build a revolutionary race car for Ford in order to defeat Ferrari at the 24 Hours of Le Mans in 1966.,"https://m.media-amazon.com/images/M/MV5BOTBjNTEyNjYtYjdkNi00YzE5LTljYzUtZjVlYmYwZmJmZWYxXkEyXkFqcGc@._V1_QL75_UX90_CR0,0,90,133_.jpg",https://www.imdb.com/title/tt1950186/,tt1950186
206,In the Name of the Father,Movie,8.1,1993,"An Irish man's coerced confession to an I.R.A. bombing he did not commit results in the imprisonment of his father as well. Meanwhile, a British lawyer fights to clear their names and free them.","https://m.media-amazon.com/images/M/MV5BMGZiZDVjNzYtZWM4ZC00MzVkLThhNDEtMDJlOTBhYzVjMmNhXkEyXkFqcGc@._V1_QL75_UX90_CR0,0,90,133_.jpg",https://www.imdb.com/title/tt0107207/,tt0107207
207,Wild Tales,Movie,8.1,2014,Six short stories that explore the extremities of human behavior involving people in distress.,"https://m.media-amazon.com/images/M/MV5BNzAzMjA1ODAxOV5BMl5BanBnXkFtZTgwODg4NTQzNDE@._V1_QL75_UX90_CR0,0,90,133_.jpg",https://www.imdb.com/title/tt3011894/,tt3011894
208,The Gold Rush,Movie,8.1,1925,"A prospector goes to the Klondike during the 1890s gold rush in hopes of making his fortune, and is smitten with a girl he sees in a dance hall.","https://m.media-amazon.com/images/M/MV5BNGU1NjYzYTAtZmY0YS00NWIzLTkzNzUtYzc2ZTIyOTIxZjVhXkEyXkFqcGc@._V1_QL75_UX90_CR0,0,90,133_.jpg",https://www.imdb.com/title/tt0015864/,tt0015864
209,Sherlock Jr.,Movie,8.1,1924,"A film projectionist longs to be a detective, and puts his meagre skills to work when he is framed by a rival for stealing his girlfriend's father's pocketwatch.","https://m.media-amazon.com/images/M/MV5BMjQzM2E2NjYtYmRjMC00ZmVlLTljZTgtNmQ5MGZlNDYyZTc5XkEyXkFqcGc@._V1_QL75_UX90_CR0,4,90,133_.jpg",https://www.imdb.com/title/tt0015324/,tt0015324
210,Mary and Max,Movie,8.1,2009,"In 1976 Melbourne, a lonely 8-year-old girl strikes up a correspondence with an unlikely pen pal: a severely obese 44-year-old New Yorker with Asperger's syndrome.","https://m.media-amazon.com/images/M/MV5BNzY2Mjc4NjMtNGY4Mi00NzM5LTk3ZTQtN2VkNzVkMzRmM2Y2XkEyXkFqcGc@._V1_QL75_UY133_CR2,0,90,133_.jpg",https://www.imdb.com/title/tt0978762/,tt0978762
211,Chainsaw Man - The Movie: Reze Arc,Movie,8.3,2025,"A direct sequel to the first season of the series ""Chainsaw Man"", featuring Denji, a young man who co-exists with a chainsaw demon. Denji encounters a new romantic interest, but will his involvement place them both in danger?","https://m.media-amazon.com/images/M/MV5BZmMzNGVhODktYmU5MS00MDg1LThlNTEtNTMyYTg5MDA0Njk4XkEyXkFqcGc@._V1_QL75_UX90_CR0,0,90,133_.jpg",https://www.imdb.com/title/tt30472557/,tt30472557
212,The Deer Hunter,Movie,8.1,1978,The lives of a group of friends are forever changed by the Vietnam War.,"https://m.media-amazon.com/images/M/MV5BZGI4YmVhMzMtMWExMS00MGZiLTg2MmItM2I2MWZjODAyM2U5XkEyXkFqcGc@._V1_QL75_UY133_CR0,0,90,133_.jpg",https://www.imdb.com/title/tt0077416/,tt0077416
213,The Wages of Fear,Movie,8.1,1953,"In a decrepit South American village, four men are hired to transport an urgent nitroglycerine shipment without the equipment that would make it safe.","https://m.media-amazon.com/images/M/MV5BMjI3MjU2Mzg2MF5BMl5BanBnXkFtZTgwOTg2MTMzMjE@._V1_QL75_UY133_CR5,0,90,133_.jpg",https://www.imdb.com/title/tt0046268/,tt0046268
214,A Silent Voice: The Movie,Movie,8.2,2016,"A deaf girl, Shoko, is bullied by the popular Shoya. As Shoya continues to bully Shoko, the class turns its back on him. Shoko transfers and Shoya grows up as an outcast. Alone and depressed, the regretful Shoya finds Shoko to make amends.","https://m.media-amazon.com/images/M/MV5BOTFiNzRiOWEtYTQwNy00NmRiLWE0ZWYtNTE0YjExZjFmZjkwXkEyXkFqcGc@._V1_QL75_UY133_CR1,0,90,133_.jpg",https://www.imdb.com/title/tt5323662/,tt5323662
215,Rocky,Movie,8.1,1976,A small-time Philadelphia boxer gets a supremely rare chance to fight the world heavyweight champion in a bout in which he strives to go the distance for his self-respect.,"https://m.media-amazon.com/images/M/MV5BZDEyY2M2MGMtYjg5OC00ZWFjLWFkZDQtNmQzZTdiYmYzZTBkXkEyXkFqcGc@._V1_QL75_UX90_CR0,2,90,133_.jpg",https://www.imdb.com/title/tt0075148/,tt0075148
216,Logan,Movie,8.1,2017,"In a future where mutants are nearly extinct, an elderly and weary Logan leads a quiet life. But when Laura, a mutant child pursued by scientists, comes to him for help, he must get her to safety.","https://m.media-amazon.com/images/M/MV5BM2JjODdkMGMtNmY2YS00OGM2LThiY2YtZGYyNzE4Nzc2ODA0XkEyXkFqcGc@._V1_QL75_UX90_CR0,1,90,133_.jpg",https://www.imdb.com/title/tt3315342/,tt3315342
217,The General,Movie,8.1,1926,"After being rejected by the Confederate military, not realizing it was due to his crucial civilian role, an engineer must single-handedly recapture his beloved locomotive after it is seized by Union spies and return it through enemy lines.","https://m.media-amazon.com/images/M/MV5BMTVhM2Y1MDUtMDkxYi00Y2UxLWI2MTMtZjMzYTY4ODM4MGIzXkEyXkFqcGc@._V1_QL75_UX90_CR0,0,90,133_.jpg",https://www.imdb.com/title/tt0017925/,tt0017925
218,Pirates of the Caribbean: The Curse of the Black Pearl,Movie,8.1,2003,An intrepid blacksmith teams up with an eccentric pirate captain to save his love from an undead pirate crew.,"https://m.media-amazon.com/images/M/MV5BNDhlMzEyNzItMTA5Mi00YWRhLThlNTktYTQyMTA0MDIyNDEyXkEyXkFqcGc@._V1_QL75_UX90_CR0,0,90,133_.jpg",https://www.imdb.com/title/tt0325980/,tt0325980
219,Mr. Smith Goes to Washington,Movie,8.1,1939,"A naive youth leader is appointed to fill a vacancy in the U.S. Senate. His idealistic plans promptly collide with corruption at home and subterfuge from his hero in Washington, but he tries to forge ahead despite attacks on his character.","https://m.media-amazon.com/images/M/MV5BMDU4ZjNmMjEtMjcxYi00NDAxLWFlMjQtNWIyNjg5NWUzNTdjXkEyXkFqcGc@._V1_QL75_UX90_CR0,1,90,133_.jpg",https://www.imdb.com/title/tt0031679/,tt0031679
220,The Chaos Class Failed the Class,Movie,8.4,1975,"A group of students have failed their exams and must return for another year. Distracting them all is a new young female teacher, who they try out their usual tricks on.","https://m.media-amazon.com/images/M/MV5BZmY3MjVhMmQtOTcwYy00ZjcyLWFiZDgtN2JiODVjNjQzYWQyXkEyXkFqcGc@._V1_QL75_UX90_CR0,1,90,133_.jpg",https://www.imdb.com/title/tt0252488/,tt0252488
221,Tokyo Story,Movie,8.1,1953,"An old couple visit their children and grandchildren in the city, but receive little attention.","https://m.media-amazon.com/images/M/MV5BODdkNzcxZjItMDU2Yy00Y2JlLWFkYTQtNzIwM2Q4MWU5MTU2XkEyXkFqcGc@._V1_QL75_UY133_CR1,0,90,133_.jpg",https://www.imdb.com/title/tt0046438/,tt0046438
222,La haine,Movie,8.1,1995,24 hours in the lives of three young men in the French suburbs the day after a violent riot.,"https://m.media-amazon.com/images/M/MV5BMThlMDA3NDYtZGM2Zi00NmJhLThlYWItZjViZTkzZWU1ZWRiXkEyXkFqcGc@._V1_QL75_UX90_CR0,0,90,133_.jpg",https://www.imdb.com/title/tt0113247/,tt0113247
223,Spotlight,Movie,8.1,2015,"The true story of how the Boston Globe uncovered the massive scandal of child molestation and cover-up within the local Catholic Archdiocese, shaking the entire Catholic Church to its core.","https://m.media-amazon.com/images/M/MV5BMjIyOTM5OTIzNV5BMl5BanBnXkFtZTgwMDkzODE2NjE@._V1_QL75_UY133_CR0,0,90,133_.jpg",https://www.imdb.com/title/tt1895587/,tt1895587
224,Jai Bhim,Movie,8.6,2021,"When a tribal man is arrested for a case of alleged theft, his wife turns to a human-rights lawyer to help bring justice.","https://m.media-amazon.com/images/M/MV5BZjEyNDIzNmEtMjdkYS00ZDAwLTljOWYtNDRhYTVhYTlmOTk1XkEyXkFqcGc@._V1_QL75_UY133_CR8,0,90,133_.jpg",https://www.imdb.com/title/tt15097216/,tt15097216
225,The Sound of Music,Movie,8.1,1965,A young novice is sent by her convent in 1930s Austria to become a governess to the seven children of a widowed naval officer.,"https://m.media-amazon.com/images/M/MV5BYWJhYmU4MjQtZDJhYi00ZGVjLTlkNTEtNzkzNGVjOWQ3MjcwXkEyXkFqcGc@._V1_QL75_UX90_CR0,1,90,133_.jpg",https://www.imdb.com/title/tt0059742/,tt0059742
226,On the Waterfront,Movie,8.1,1954,"An ex-prize fighter turned New Jersey longshoreman struggles to stand up to his corrupt union bosses, including his older brother, as he starts to connect with the grieving sister of one of the syndicate's victims.","https://m.media-amazon.com/images/M/MV5BZDJlYTM1ZGYtZTM4YS00MzFhLThiZjktYzQ0ZjAzMGYwZTU3XkEyXkFqcGc@._V1_QL75_UX90_CR0,1,90,133_.jpg",https://www.imdb.com/title/tt0047296/,tt0047296
227,Maharaja,Movie,8.3,2024,"A barber seeks vengeance after his home is burglarized, cryptically telling police his ""lakshmi"" has been taken, leaving them uncertain if it's a person or object. His quest to recover the elusive ""lakshmi"" unfolds.","https://m.media-amazon.com/images/M/MV5BOTFlMTIxOGItZTk0Zi00MTk2LWJiM2UtMzlhZWYzNjQ4N2Y3XkEyXkFqcGc@._V1_QL75_UY133_CR5,0,90,133_.jpg",https://www.imdb.com/title/tt26548265/,tt26548265
228,Wild Strawberries,Movie,8.1,1957,"After living a life marked by coldness, an aging professor is forced to confront the emptiness of his existence.","https://m.media-amazon.com/images/M/MV5BZWQ5MDllM2EtZWRmNS00MmZiLWI4ZWQtMjRiY2Q5MTAxODY4XkEyXkFqcGc@._V1_QL75_UX90_CR0,2,90,133_.jpg",https://www.imdb.com/title/tt0050986/,tt0050986
229,The Terminator,Movie,8.1,1984,A cyborg assassin from the future attempts to find and kill a young woman who is destined to give birth to a warrior that will lead a resistance to save humankind from extinction.,"https://m.media-amazon.com/images/M/MV5BZmE0YzIxM2QtMGNlMi00MjRmLWE3MWMtOWQzMGVjMmU0YTFmXkEyXkFqcGc@._V1_QL75_UX90_CR0,1,90,133_.jpg",https://www.imdb.com/title/tt0088247/,tt0088247
230,The Best Years of Our Lives,Movie,8.1,1946,Three WWII veterans return home forever changed and find it difficult to adjust to their new realities.,"https://m.media-amazon.com/images/M/MV5BNTgxMzUyODQtMDJmZC00ZGMyLWI3MzAtZTYwYjBjZjFmMzIxXkEyXkFqcGc@._V1_QL75_UX90_CR0,1,90,133_.jpg",https://www.imdb.com/title/tt0036868/,tt0036868
231,The Third Man,Movie,8.1,1949,"Pulp novelist Holly Martins travels to shadowy, mystifying post-war Vienna only to find himself investigating the mysterious sudden death of old friend Harry Lime.","https://m.media-amazon.com/images/M/MV5BNGVjMTMxZTQtMmVlNy00YmI0LWJjMDUtYTgyZWU1Njg5ZGRiXkEyXkFqcGc@._V1_QL75_UX90_CR0,0,90,133_.jpg",https://www.imdb.com/title/tt0041959/,tt0041959
232,The Big Lebowski,Movie,8.1,1998,"Jeff ""The Dude"" Lebowski, mistaken for a millionaire of the same name, seeks restitution for his ruined rug and enlists his bowling buddies to help get it.","https://m.media-amazon.com/images/M/MV5BY2E3OWQ5OWYtYTRkMC00NjVjLWIzZDQtNmRmM2ZiYTIyYmYxXkEyXkFqcGc@._V1_QL75_UY133_CR0,0,90,133_.jpg",https://www.imdb.com/title/tt0118715/,tt0118715
233,Before Sunset,Movie,8.1,2004,"Nine years after Jesse and Celine first met, they encounter each other again on the French leg of Jesse's book tour.","https://m.media-amazon.com/images/M/MV5BMTQ1MjAwNTM5Ml5BMl5BanBnXkFtZTYwNDM0MTc3._V1_QL75_UY133_CR0,0,90,133_.jpg",https://www.imdb.com/title/tt0381681/,tt0381681
234,The Incredibles,Movie,8,2004,"While trying to lead a quiet suburban life, a family of undercover superheroes are forced into action to save the world.","https://m.media-amazon.com/images/M/MV5BMTY5OTU0OTc2NV5BMl5BanBnXkFtZTcwMzU4MDcyMQ@@._V1_QL75_UX90_CR0,0,90,133_.jpg",https://www.imdb.com/title/tt0317705/,tt0317705
235,Hachi: A Dog's Tale,Movie,8.1,2009,"Professor Wilson discovers a lost Akita puppy on his way home. Despite objections from his wife, Hachi endears himself to the family and grows to be Parker's loyal companion. As their bond grows deeper, a beautiful relationship unfolds.","https://m.media-amazon.com/images/M/MV5BNTU5NjYyYTgtZGQ3My00MzRhLThjNGYtZmVjN2JjYjhkMjhhXkEyXkFqcGc@._V1_QL75_UX90_CR0,0,90,133_.jpg",https://www.imdb.com/title/tt1028532/,tt1028532
236,Room,Movie,8.1,2015,"A little boy is held captive in a room with his mother since his birth, so he has never known the world outside.","https://m.media-amazon.com/images/M/MV5BMjE4NzgzNzEwMl5BMl5BanBnXkFtZTgwMTMzMDE0NjE@._V1_QL75_UX90_CR0,0,90,133_.jpg",https://www.imdb.com/title/tt3170832/,tt3170832
237,The Seventh Seal,Movie,8.1,1957,"A knight returning to Sweden after the Crusades seeks answers about life, death, and the existence of God as he plays chess against the Grim Reaper during the Black Plague.","https://m.media-amazon.com/images/M/MV5BZDlmYTkzOWUtODQ0MS00MmM4LWE3ZjMtYTEwNGUwMmJkYzIxXkEyXkFqcGc@._V1_QL75_UY133_CR1,0,90,133_.jpg",https://www.imdb.com/title/tt0050976/,tt0050976
238,Hotel Rwanda,Movie,8.1,2004,"Paul Rusesabagina, a hotel manager, houses over a thousand Tutsi refugees during their struggle against the Hutu militia in Rwanda, Africa.","https://m.media-amazon.com/images/M/MV5BY2FmMWRmZmQtN2IzMS00OGVmLWFmNjktMTM0YWQzODcwYTEwXkEyXkFqcGc@._V1_QL75_UY133_CR0,0,90,133_.jpg",https://www.imdb.com/title/tt0395169/,tt0395169
239,Platoon,Movie,8,1986,"Chris Taylor, a neophyte recruit in Vietnam, finds himself caught in a battle of wills between two sergeants, one good and the other evil. A shrewd examination of the brutality of war and the duality of man in conflict.","https://m.media-amazon.com/images/M/MV5BZjE4YjllODAtZGMxZS00Mjg2LThkOWUtZjNkMjQ5YThiNDU4XkEyXkFqcGc@._V1_QL75_UX90_CR0,4,90,133_.jpg",https://www.imdb.com/title/tt0091763/,tt0091763
240,The Exorcist,Movie,8.1,1973,"When a mysterious entity possesses a young girl, her mother seeks the help of two Catholic priests to save her life.","https://m.media-amazon.com/images/M/MV5BZjg3YjE4ZjAtYTdmYS00ZTBkLWE1ZjgtNzAzODUwNzRiYjlmXkEyXkFqcGc@._V1_QL75_UX90_CR0,2,90,133_.jpg",https://www.imdb.com/title/tt0070047/,tt0070047
241,The Iron Giant,Movie,8.1,1999,A young boy befriends a giant robot from outer space that a paranoid government agent wants to destroy.,"https://m.media-amazon.com/images/M/MV5BODM4ZjZjMGEtYmFiMy00MThjLWIzZjUtMDU0ODg1NTI2MzIwXkEyXkFqcGc@._V1_QL75_UX90_CR0,0,90,133_.jpg",https://www.imdb.com/title/tt0129167/,tt0129167
242,Rush,Movie,8.1,2013,"James Hunt and Niki Lauda, two extremely skilled Formula One racers, have an intense rivalry with each other. However, it is their enmity that pushes them to their limits.","https://m.media-amazon.com/images/M/MV5BMTZhOGQxM2ItNGQyYy00YzE5LWI5MjMtNmMzNGQzNDE1OTUzXkEyXkFqcGc@._V1_QL75_UX90_CR0,0,90,133_.jpg",https://www.imdb.com/title/tt1979320/,tt1979320
243,Stand by Me,Movie,8.1,1986,A writer recounts a childhood journey with his friends to view the body of a boy who went missing in the woods.,"https://m.media-amazon.com/images/M/MV5BNGJkNTUwM2MtZWE2MS00YjNkLWE3MjktNWQwZDQxMDIyZWVmXkEyXkFqcGc@._V1_QL75_UX90_CR0,4,90,133_.jpg",https://www.imdb.com/title/tt0092005/,tt0092005
244,The Wizard of Oz,Movie,8.1,1939,"Young Dorothy Gale and her dog Toto are swept away by a tornado from their Kansas farm to the magical Land of Oz and embark on a quest with three new friends to see the Wizard, who can return her to her home and fulfill the others' wishes.","https://m.media-amazon.com/images/M/MV5BYWRmY2I0MGItYTQ0OC00NWZmLWIwMDktYjJlNDc0MzVhMmViXkEyXkFqcGc@._V1_QL75_UX90_CR0,2,90,133_.jpg",https://www.imdb.com/title/tt0032138/,tt0032138
245,The Battle of Algiers,Movie,8.1,1966,"In the 1950s, fear and violence escalate as the people of Algiers fight for independence from the French government.","https://m.media-amazon.com/images/M/MV5BMTY2Mjk0OGEtYTM3Yy00ZWZiLWFhNjAtNGExMjEzNGVmMDMxXkEyXkFqcGc@._V1_QL75_UX90_CR0,2,90,133_.jpg",https://www.imdb.com/title/tt0058946/,tt0058946
246,My Father and My Son,Movie,8.2,2005,The family of a left-wing journalist is torn apart after the military coup of Turkey in 1980.,"https://m.media-amazon.com/images/M/MV5BZDE3MTBkNmQtNGFjMC00YTcwLWExY2ItN2MyMGZkNWJlMmFmXkEyXkFqcGc@._V1_QL75_UX90_CR0,1,90,133_.jpg",https://www.imdb.com/title/tt0476735/,tt0476735
247,The Passion of Joan of Arc,Movie,8.1,1928,"In 1431, Jeanne d'Arc is placed on trial on charges of heresy, and the ecclesiastical jurists attempt to force her to recant her claims of holy visions.","https://m.media-amazon.com/images/M/MV5BNTE1MDliZjgtYTU2Yy00YjAxLTljYTItNDE2ZGYwYTY1MGQ1XkEyXkFqcGc@._V1_QL75_UX90_CR0,4,90,133_.jpg",https://www.imdb.com/title/tt0019254/,tt0019254
248,The Handmaiden,Movie,8.1,2016,"In 1930s Korea, a girl is hired as a handmaiden to a Japanese heiress who lives a secluded life on a countryside estate. But the maid has a secret: She is a pickpocket recruited by a swindler to help seduce the Lady and steal her fortune.","https://m.media-amazon.com/images/M/MV5BOTllZDI1OGItOGUxNS00OGZhLWIzMjAtYzllZTY1YTA0ZmYwXkEyXkFqcGc@._V1_QL75_UY133_CR1,0,90,133_.jpg",https://www.imdb.com/title/tt4016934/,tt4016934
249,Lost Ladies,Movie,8.3,2023,"The misadventures of two young brides who get lost from the same train. From mistaken identities to laugh-out-aloud escapades, the ensuing chaos guarantees laughter galore and heartwarming moments.","https://m.media-amazon.com/images/M/MV5BZGI5NzVmNDktZWY2Ni00ZGMwLTlhMzctNzJhYTgzZmQ2ZjNjXkEyXkFqcGc@._V1_QL75_UY133_CR8,0,90,133_.jpg",https://www.imdb.com/title/tt21626284/,tt21626284
250,Andhadhun,Movie,8.2,2018,"A series of mysterious events change the life of a blind pianist, who must now report a crime that he should technically know nothing of.","https://m.media-amazon.com/images/M/MV5BZjc5OWIzOTgtMmM2ZS00ZjZhLTkyZWItMTFjYTc0NWQ4NzhkXkEyXkFqcGc@._V1_QL75_UY133_CR1,0,90,133_.jpg",https://www.imdb.com/title/tt8108198/,tt8108198
